Team,Outcome,Task Completed,All Tasks Completed,Murdered,Imposter Kills,Game Length,Ejected,Sabotages Fixed
Crewmate,Win,3,No,Yes,-,07m 04s,No,2
Crewmate,Loss,7,Yes,No,-,16m 21s,No,1
Crewmate,Win,3,No,No,-,11m 33s,No,0
Imposter,Win,-,-,-,2,08m 05s,No,
Crewmate,Loss,4,No,No,-,05m 10s,No,0
Crewmate,Loss,7,Yes,Yes,-,16m 22s,No,0
Crewmate,Loss,8,Yes,Yes,-,21m 41s,No,1
Crewmate,Win,8,Yes,No,-,18m 43s,Yes,0
Crewmate,Win,7,Yes,Yes,-,13m 15s,No,0
Crewmate,Loss,7,Yes,Yes,-,12m 43s,No,0
Crewmate,Win,4,No,Yes,-,11m 00s,No,0
Crewmate,Win,7,Yes,No,-,17m 43s,No,0
Crewmate,Loss,6,No,Yes,-,13m 46s,No,0
Imposter,Loss,-,-,-,3,15m 52s,Yes,
Crewmate,Win,7,Yes,Yes,-,18m 54s,No,1
Crewmate,Loss,7,Yes,Yes,-,08m 00s,No,0
Crewmate,Win,7,Yes,Yes,-,18m 06s,No,0
Crewmate,Win,7,Yes,Yes,-,12m 58s,No,1
Crewmate,Win,7,Yes,Yes,-,14m 57s,No,0
Crewmate,Loss,7,Yes,Yes,-,11m 03s,No,0
Crewmate,Loss,2,No,Yes,-,14m 43s,No,0
Crewmate,Loss,3,No,Yes,-,08m 34s,No,1
Crewmate,Loss,8,Yes,No,-,05m 32s,No,0
Crewmate,Win,8,Yes,Yes,-,16m 44s,No,0
Crewmate,Loss,8,Yes,Yes,-,09m 11s,No,1
Crewmate,Loss,8,Yes,Yes,-,14m 50s,No,0
Crewmate,Loss,8,Yes,Yes,-,17m 49s,No,0
Imposter,Loss,-,-,-,2,18m 01s,No,
Crewmate,Win,8,Yes,Yes,-,11m 50s,No,1
Crewmate,Win,5,Yes,No,-,09m 26s,No,2
Crewmate,Win,1,No,No,-,03m 08s,No,1
Imposter,Loss,-,-,-,1,02m 35s,Yes,
Crewmate,Win,1,No,No,-,02m 27s,No,0
Crewmate,Win,3,No,No,-,04m 53s,No,1
Crewmate,Win,1,No,Yes,-,05m 24s,No,0
Imposter,Loss,-,-,-,2,19m 39s,No,
Crewmate,Loss,2,No,Yes,-,10m 19s,No,0
Imposter,Win,-,-,-,5,12m 43s,No,
Crewmate,Win,8,Yes,No,-,14m 01s,No,1
Imposter,Win,-,-,-,1,15m 50s,No,
Crewmate,Win,3,No,No,-,12m 58s,No,0
Imposter,Loss,-,-,-,2,14m 59s,No,
Crewmate,Win,8,Yes,No,-,11m 17s,No,2
Crewmate,Win,8,Yes,Yes,-,22m 15s,No,3
Imposter,Loss,-,-,-,2,12m 54s,Yes,
Crewmate,Win,5,No,Yes,-,15m 12s,No,0
Crewmate,Win,4,No,No,-,09m 36s,No,0
Imposter,Win,-,-,-,1,18m 16s,No,
Crewmate,Win,5,No,No,-,10m 28s,No,0
Crewmate,Win,7,No,No,-,12m 03s,No,0
Crewmate,Win,7,No,No,-,15m 30s,No,1
Imposter,Win,-,-,-,3,11m 55s,No,
Crewmate,Loss,8,Yes,Yes,-,12m 02s,No,0
Crewmate,Loss,6,No,No,-,14m 20s,No,0
Crewmate,Loss,8,Yes,No,-,13m 02s,No,0
Crewmate,Loss,7,No,No,-,05m 13s,No,0
Crewmate,Win,7,No,Yes,-,06m 45s,No,0
Imposter,Win,-,-,-,2,12m 36s,No,
Imposter,Loss,-,-,-,1,01m 28s,Yes,
Crewmate,Loss,6,No,Yes,-,05m 14s,No,1
Crewmate,Win,8,Yes,No,-,07m 46s,No,0
Crewmate,Loss,7,Yes,Yes,-,19m 38s,No,1
Crewmate,Loss,7,Yes,Yes,-,12m 19s,No,1
Imposter,Win,-,-,-,3,08m 55s,No,
Crewmate,Win,8,Yes,Yes,-,18m 26s,No,1
Crewmate,Loss,8,Yes,Yes,-,17m 02s,No,0
Crewmate,Win,5,No,No,-,05m 47s,No,0
Imposter,Win,-,-,-,5,05m 40s,No,
Crewmate,Win,7,Yes,No,-,10m 32s,No,0
Crewmate,Win,5,No,No,-,10m 48s,No,1
Crewmate,Loss,7,Yes,Yes,-,12m 44s,No,0
Imposter,Win,-,-,-,2,07m 46s,No,
Imposter,Win,-,-,-,0,00m 00s,No,
Crewmate,Loss,1,No,Yes,-,01m 50s,No,0
Crewmate,Loss,7,No,Yes,-,08m 54s,No,0
Crewmate,Win,8,Yes,Yes,-,24m 13s,No,1
Imposter,Loss,-,-,-,2,10m 34s,Yes,
Crewmate,Win,3,No,Yes,-,15m 47s,No,0
Crewmate,Win,7,Yes,Yes,-,12m 15s,No,0
Crewmate,Win,7,Yes,No,-,16m 58s,No,0
Crewmate,Win,8,Yes,Yes,-,17m 20s,No,0
Imposter,Loss,-,-,-,1,11m 31s,No,
Crewmate,Win,4,No,No,-,11m 28s,No,1
Crewmate,Loss,4,No,Yes,-,12m 33s,No,0
Crewmate,Win,8,Yes,Yes,-,21m 02s,No,0
Crewmate,Loss,7,No,Yes,-,08m 40s,No,0
Crewmate,Win,4,No,No,-,07m 50s,No,1
Crewmate,Win,8,Yes,No,-,12m 17s,No,0
Crewmate,Loss,7,No,No,-,10m 23s,No,1
Imposter,Win,-,-,-,2,11m 59s,No,
Imposter,Win,-,-,-,2,00m 49s,No,
Imposter,Win,-,-,-,3,08m 47s,No,
Crewmate,Loss,6,No,Yes,-,12m 43s,No,0
Crewmate,Loss,7,Yes,Yes,-,21m 37s,No,0
Crewmate,Loss,7,No,Yes,-,11m 40s,No,1
Crewmate,Win,8,Yes,Yes,-,11m 29s,No,0
Crewmate,Win,8,Yes,No,-,11m 31s,No,0
Crewmate,Win,8,Yes,No,-,10m 36s,No,0
Crewmate,Loss,8,Yes,Yes,-,11m 12s,No,0
Imposter,Win,-,-,-,4,21m 23s,No,
Crewmate,Win,4,No,Yes,-,07m 29s,No,2
Crewmate,Loss,8,Yes,Yes,-,08m 24s,No,1
Imposter,Loss,-,-,-,1,14m 26s,No,
Crewmate,Win,5,No,No,-,09m 25s,No,1
Crewmate,Win,9,Yes,Yes,-,15m 41s,No,0
Imposter,Loss,-,-,-,3,21m 05s,Yes,
Crewmate,Win,7,Yes,No,-,12m 34s,No,1
Imposter,Win,-,-,-,2,04m 07s,No,
Crewmate,Loss,7,Yes,No,-,16m 02s,No,1
Crewmate,Loss,6,No,No,-,10m 29s,Yes,0
Crewmate,Loss,3,No,No,-,08m 00s,Yes,0
Imposter,Loss,-,-,-,2,11m 53s,Yes,
Crewmate,Loss,7,Yes,No,-,11m 07s,No,0
Crewmate,Loss,2,No,No,-,05m 02s,No,1
Crewmate,Win,5,No,Yes,-,05m 19s,No,0
Crewmate,Win,4,No,No,-,12m 28s,No,1
Imposter,Win,-,-,-,1,04m 38s,No,
Imposter,Loss,-,-,-,1,08m 58s,No,
Imposter,Loss,-,-,-,3,13m 42s,Yes,
Crewmate,Win,7,Yes,No,-,14m 51s,No,1
Imposter,Loss,-,-,-,1,12m 35s,No,
Imposter,Win,-,-,-,2,08m 03s,No,
Crewmate,Win,8,Yes,Yes,-,13m 40s,No,1
Imposter,Win,-,-,-,3,09m 15s,No,
Imposter,Loss,-,-,-,1,09m 33s,Yes,
Imposter,Win,-,-,-,1,05m 05s,No,
Crewmate,Win,7,Yes,No,-,14m 32s,No,2
Crewmate,Loss,6,No,No,-,07m 10s,No,1
Imposter,Loss,-,-,-,0,06m 39s,No,
Crewmate,Loss,9,Yes,Yes,-,13m 02s,No,1
Crewmate,Win,9,Yes,Yes,-,13m 20s,No,0
Crewmate,Win,9,Yes,No,-,14m 26s,No,0
Crewmate,Loss,3,No,Yes,-,07m 44s,No,0
Crewmate,Loss,9,Yes,Yes,-,16m 50s,No,0
Crewmate,Loss,2,No,No,-,06m 18s,No,0
Crewmate,Loss,7,Yes,Yes,-,08m 47s,No,0
Crewmate,Win,6,No,No,-,08m 00s,No,2
Crewmate,Win,8,Yes,No,-,16m 05s,No,0
Crewmate,Win,7,No,No,-,10m 31s,No,0
Crewmate,Loss,8,Yes,Yes,-,16m 53s,No,0
Crewmate,Loss,7,Yes,No,-,13m 03s,No,0
Crewmate,Win,7,Yes,Yes,-,14m 03s,No,0
Crewmate,Win,7,Yes,No,-,19m 17s,No,2
Crewmate,Loss,5,No,Yes,-,08m 30s,No,0
Crewmate,Win,7,No,No,-,10m 02s,No,0
Crewmate,Win,8,Yes,No,-,15m 29s,No,1
Crewmate,Win,4,No,No,-,10m 46s,No,0
Crewmate,Loss,2,No,Yes,-,11m 28s,No,0
Crewmate,Loss,6,No,No,-,18m 51s,No,2
Crewmate,Loss,3,No,Yes,-,05m 50s,No,1
Imposter,Loss,-,-,-,2,16m 35s,No,
Crewmate,Loss,4,No,Yes,-,14m 15s,No,0
Imposter,Loss,-,-,-,2,12m 48s,No,
Crewmate,Win,7,Yes,No,-,10m 08s,No,0
Crewmate,Win,6,No,No,-,08m 21s,No,1
Crewmate,Loss,8,Yes,Yes,-,11m 03s,No,2
Crewmate,Win,7,Yes,Yes,-,10m 38s,No,0
Crewmate,Loss,6,No,No,-,09m 13s,No,0
Crewmate,Loss,8,Yes,No,-,14m 24s,No,2
Crewmate,Win,7,Yes,No,-,13m 24s,No,1
Crewmate,Win,1,No,No,-,06m 53s,Yes,0
Crewmate,Win,8,Yes,No,-,26m 40s,No,4
Crewmate,Win,8,Yes,No,-,18m 25s,Yes,0
Crewmate,Loss,8,Yes,Yes,-,15m 55s,No,0
Crewmate,Loss,4,No,Yes,-,09m 18s,No,1
Crewmate,Win,5,Yes,Yes,-,05m 03s,No,0
Imposter,Loss,-,-,-,0,09m 15s,No,
Crewmate,Win,3,No,Yes,-,03m 19s,No,0
Crewmate,Loss,6,No,Yes,-,06m 05s,No,0
Crewmate,Loss,0,No,No,-,05m 06s,No,0
Crewmate,Loss,0,No,No,-,00m 18s,No,0
Imposter,Win,-,-,-,2,07m 43s,No,
Crewmate,Win,5,No,No,-,04m 52s,No,0
Crewmate,Win,8,Yes,Yes,-,11m 19s,No,0
Crewmate,Loss,2,No,Yes,-,05m 00s,No,0
Crewmate,Loss,8,Yes,No,-,11m 19s,No,1
Crewmate,Win,2,No,Yes,-,05m 59s,No,1
Crewmate,Win,1,No,No,-,04m 28s,No,1
Crewmate,Loss,7,No,Yes,-,02m 57s,No,0
Imposter,Win,-,-,-,8,03m 14s,No,
Imposter,Win,-,-,-,2,08m 57s,No,
Imposter,Win,-,-,-,1,09m 06s,No,
Imposter,Loss,-,-,-,0,18m 20s,No,
Crewmate,Loss,4,No,Yes,-,04m 51s,No,0
Imposter,Win,-,-,-,2,05m 50s,No,
Imposter,Loss,-,-,-,2,05m 58s,Yes,
Crewmate,Loss,4,No,Yes,-,05m 51s,No,1
Crewmate,Win,8,Yes,No,-,14m 10s,No,0
Crewmate,Loss,7,No,Yes,-,09m 50s,No,3
Crewmate,Loss,9,Yes,Yes,-,11m 11s,No,0
Crewmate,Win,9,Yes,No,-,11m 09s,No,2
Crewmate,Win,8,No,No,-,11m 51s,No,1
Crewmate,Loss,6,No,Yes,-,07m 50s,No,1
Crewmate,Loss,7,Yes,Yes,-,12m 54s,No,2
Crewmate,Win,7,Yes,No,-,06m 39s,No,2
Crewmate,Loss,7,Yes,Yes,-,20m 20s,No,2
Crewmate,Loss,2,No,No,-,04m 30s,No,0
Crewmate,Loss,4,No,Yes,-,03m 48s,No,0
Crewmate,Win,1,No,No,-,13m 39s,No,2
Crewmate,Loss,8,Yes,Yes,-,12m 37s,No,0
Imposter,Win,-,-,-,2,03m 21s,No,
Crewmate,Win,1,No,No,-,03m 46s,No,0
Crewmate,Win,1,No,No,-,01m 47s,No,0
Crewmate,Loss,6,No,Yes,-,07m 10s,No,1
Crewmate,Win,7,No,No,-,19m 17s,No,0
Crewmate,Win,8,Yes,No,-,11m 21s,No,1
Crewmate,Loss,4,No,No,-,02m 28s,No,1
Imposter,Loss,-,-,-,3,13m 28s,No,
Crewmate,Loss,8,Yes,Yes,-,16m 28s,No,0
Crewmate,Loss,8,Yes,Yes,-,12m 29s,No,1
Crewmate,Loss,3,No,No,-,12m 07s,Yes,0
Crewmate,Win,4,No,No,-,17m 31s,Yes,0
Crewmate,Win,4,No,No,-,09m 40s,No,1
Crewmate,Loss,3,No,Yes,-,13m 33s,No,3
Imposter,Win,-,-,-,2,14m 34s,No,
Crewmate,Win,6,No,Yes,-,18m 00s,No,0
Crewmate,Win,8,Yes,Yes,-,11m 53s,No,0
Crewmate,Win,8,Yes,Yes,-,15m 44s,No,0
Imposter,Loss,-,-,-,1,06m 07s,Yes,
Crewmate,Win,4,No,No,-,12m 04s,No,0
Imposter,Loss,-,-,-,3,13m 11s,Yes,
Imposter,Win,-,-,-,3,13m 42s,No,
Crewmate,Loss,3,No,Yes,-,10m 26s,No,0
Crewmate,Loss,5,No,Yes,-,17m 41s,No,1
Crewmate,Loss,5,No,Yes,-,09m 18s,No,1
Crewmate,Win,1,No,No,-,04m 35s,No,0
Crewmate,Win,1,No,No,-,07m 20s,No,1
Crewmate,Loss,6,Yes,No,-,16m 52s,No,0
Imposter,Win,-,-,-,3,09m 46s,No,
Crewmate,Win,6,Yes,No,-,11m 26s,No,0
Crewmate,Win,6,Yes,No,-,08m 39s,No,0
Imposter,Loss,-,-,-,2,10m 11s,No,
Crewmate,Win,4,No,No,-,14m 21s,No,1
Crewmate,Loss,6,No,No,-,10m 45s,No,1
Imposter,Loss,-,-,-,1,16m 51s,No,
Crewmate,Loss,8,Yes,Yes,-,15m 38s,No,5
Crewmate,Loss,8,Yes,Yes,-,11m 22s,No,1
Imposter,Win,-,-,-,3,06m 00s,No,
Imposter,Loss,-,-,-,3,14m 02s,Yes,
Crewmate,Win,6,No,No,-,20m 08s,No,2
Crewmate,Loss,4,No,Yes,-,10m 32s,No,2
Imposter,Loss,-,-,-,1,06m 48s,Yes,
Imposter,Loss,-,-,-,1,06m 15s,Yes,
Imposter,Win,-,-,-,1,00m 19s,No,
Crewmate,Loss,3,No,No,-,03m 28s,No,2
Crewmate,Loss,1,No,No,-,03m 21s,No,1
Crewmate,Win,4,No,Yes,-,06m 53s,No,0
Crewmate,Win,8,Yes,No,-,17m 52s,No,1
Imposter,Loss,-,-,-,1,03m 04s,No,
Crewmate,Win,8,Yes,No,-,07m 35s,No,1
Crewmate,Win,6,No,Yes,-,10m 12s,No,1
Crewmate,Win,7,No,No,-,16m 59s,No,1
Crewmate,Win,9,Yes,Yes,-,15m 24s,No,1
Crewmate,Win,2,No,No,-,16m 14s,No,1
Imposter,Win,-,-,-,3,10m 17s,No,
Crewmate,Loss,9,Yes,Yes,-,11m 48s,No,0
Crewmate,Win,9,Yes,Yes,-,14m 47s,No,0
Crewmate,Loss,5,No,Yes,-,13m 12s,No,0
Crewmate,Win,6,No,No,-,13m 23s,No,1
Crewmate,Win,4,No,Yes,-,09m 57s,No,0
Crewmate,Win,4,No,Yes,-,13m 03s,No,1
Crewmate,Loss,3,No,Yes,-,10m 14s,No,0
Imposter,Loss,-,-,-,1,07m 27s,Yes,
Crewmate,Loss,7,Yes,No,-,09m 01s,No,0
Crewmate,Win,1,No,No,-,10m 28s,No,1
Imposter,Loss,-,-,-,2,07m 01s,Yes,
Crewmate,Loss,0,No,Yes,-,04m 06s,No,0
Crewmate,Loss,8,Yes,Yes,-,13m 42s,No,1
Crewmate,Loss,8,Yes,No,-,11m 50s,No,1
Crewmate,Loss,8,Yes,No,-,07m 53s,No,0
Crewmate,Loss,8,Yes,Yes,-,16m 00s,No,0
Imposter,Loss,-,-,-,1,13m 42s,Yes,
Crewmate,Loss,8,Yes,Yes,-,17m 11s,No,0
Crewmate,Loss,8,Yes,No,-,15m 52s,No,1
Crewmate,Loss,6,No,No,-,10m 15s,No,0
Crewmate,Loss,4,No,No,-,08m 39s,No,0
Crewmate,Loss,6,No,No,-,11m 05s,No,1
Crewmate,Loss,1,No,No,-,09m 24s,No,1
Crewmate,Loss,8,Yes,No,-,10m 45s,No,1
Crewmate,Loss,8,Yes,Yes,-,18m 56s,No,0
Crewmate,Loss,3,No,No,-,07m 37s,No,1
Crewmate,Win,7,Yes,No,-,08m 19s,No,1
Imposter,Loss,-,-,-,1,05m 02s,Yes,
Crewmate,Win,7,Yes,Yes,-,05m 46s,No,0
Crewmate,Loss,5,No,No,-,14m 01s,No,2
Crewmate,Win,6,No,Yes,-,06m 36s,No,0
Imposter,Loss,-,-,-,2,07m 56s,Yes,
Imposter,Win,-,-,-,4,10m 18s,No,
Crewmate,Win,6,No,No,-,14m 56s,No,0
Crewmate,Win,1,No,No,-,03m 34s,No,0
Imposter,Loss,-,-,-,0,09m 32s,Yes,
Crewmate,Win,4,No,No,-,01m 42s,No,0
Crewmate,Win,4,No,No,-,01m 54s,No,0
Crewmate,Win,4,No,No,-,01m 37s,No,0
Crewmate,Loss,4,No,Yes,-,02m 41s,No,0
Crewmate,Win,4,No,No,-,02m 14s,No,1
Crewmate,Win,4,No,Yes,-,01m 55s,No,0
Crewmate,Win,4,No,Yes,-,02m 07s,No,0
Crewmate,Loss,4,No,Yes,-,02m 31s,No,0
Crewmate,Loss,4,No,Yes,-,02m 33s,No,0
Crewmate,Win,4,No,No,-,01m 41s,No,0
Crewmate,Win,4,No,No,-,02m 14s,No,0
Crewmate,Loss,0,No,Yes,-,02m 56s,No,0
Crewmate,Loss,1,No,Yes,-,03m 49s,No,0
Crewmate,Loss,5,Yes,No,-,05m 26s,Yes,0
Crewmate,Win,3,No,No,-,05m 43s,No,2
Crewmate,Win,3,No,Yes,-,07m 14s,No,0
Crewmate,Loss,3,No,Yes,-,05m 28s,No,1
Imposter,Loss,-,-,-,2,05m 45s,Yes,
Crewmate,Win,5,Yes,Yes,-,10m 08s,No,0
Crewmate,Win,5,Yes,Yes,-,10m 24s,No,2
Crewmate,Loss,0,No,No,-,04m 14s,Yes,0
Crewmate,Loss,2,No,Yes,-,01m 10s,No,0
Crewmate,Win,2,No,No,-,05m 47s,No,0
Crewmate,Win,2,No,No,-,03m 21s,No,0
Crewmate,Loss,6,No,No,-,10m 38s,No,0
Crewmate,Loss,7,No,No,-,19m 14s,No,1
Crewmate,Loss,5,No,Yes,-,14m 44s,No,0
Crewmate,Win,7,Yes,Yes,-,11m 34s,No,1
Crewmate,Loss,3,No,Yes,-,10m 09s,No,0
Crewmate,Loss,1,No,No,-,04m 37s,Yes,0
Crewmate,Loss,4,No,No,-,06m 14s,No,0
Crewmate,Win,1,No,No,-,01m 26s,No,0
Crewmate,Win,2,No,No,-,02m 01s,No,1
Crewmate,Win,2,No,No,-,07m 45s,No,0
Imposter,Loss,-,-,-,3,08m 49s,Yes,
Crewmate,Win,2,No,No,-,02m 41s,No,0
Imposter,Loss,-,-,-,3,09m 16s,Yes,
Crewmate,Win,0,No,No,-,03m 59s,No,2
Crewmate,Loss,4,No,Yes,-,06m 56s,No,0
Imposter,Loss,-,-,-,3,06m 45s,No,
Imposter,Win,-,-,-,3,09m 40s,No,
Imposter,Win,-,-,-,4,09m 22s,No,
Crewmate,Win,7,Yes,No,-,10m 37s,No,0
Crewmate,Win,7,Yes,Yes,-,14m 16s,No,1
Imposter,Loss,-,-,-,1,07m 16s,No,
Imposter,Loss,-,-,-,2,09m 04s,No,
Crewmate,Win,0,No,No,-,01m 06s,No,0
Imposter,Loss,-,-,-,3,06m 45s,Yes,
Crewmate,Win,2,No,No,-,01m 37s,No,0
Crewmate,Loss,7,Yes,Yes,-,10m 22s,No,0
Imposter,Loss,-,-,-,2,08m 25s,No,
Crewmate,Win,4,No,No,-,06m 58s,No,1
Crewmate,Loss,4,No,Yes,-,08m 21s,No,0
Crewmate,Loss,3,No,No,-,07m 49s,No,1
Imposter,Win,-,-,-,2,07m 32s,No,
Imposter,Win,-,-,-,4,12m 24s,No,
Crewmate,Win,7,Yes,No,-,20m 44s,No,0
Imposter,Loss,-,-,-,2,18m 32s,No,
Crewmate,Loss,7,Yes,Yes,-,14m 00s,No,0
Crewmate,Win,7,Yes,Yes,-,16m 21s,No,1
Crewmate,Win,4,No,No,-,12m 59s,No,2
Crewmate,Win,1,No,No,-,01m 24s,No,0
Crewmate,Loss,6,Yes,Yes,-,12m 10s,No,0
Imposter,Loss,-,-,-,4,08m 46s,Yes,
Imposter,Loss,-,-,-,3,10m 11s,Yes,
Crewmate,Loss,1,No,No,-,03m 27s,No,0
Crewmate,Loss,5,Yes,No,-,06m 17s,No,1
Crewmate,Loss,4,No,No,-,10m 02s,No,1
Crewmate,Loss,4,No,Yes,-,07m 57s,No,1
Crewmate,Loss,4,No,Yes,-,04m 43s,No,0
Crewmate,Loss,2,No,Yes,-,03m 58s,No,0
Crewmate,Loss,5,No,No,-,08m 58s,No,1
Crewmate,Loss,7,Yes,Yes,-,12m 40s,No,0
Crewmate,Win,7,Yes,No,-,12m 24s,No,3
Crewmate,Win,4,No,No,-,04m 09s,No,0
Crewmate,Win,7,Yes,Yes,-,14m 06s,No,0
Crewmate,Loss,8,Yes,No,-,10m 11s,No,0
Crewmate,Loss,5,No,Yes,-,07m 17s,No,0
Imposter,Win,-,-,-,2,07m 35s,No,
Crewmate,Loss,5,No,No,-,10m 17s,No,0
Crewmate,Loss,8,Yes,No,-,13m 30s,No,0
Crewmate,Loss,5,No,No,-,10m 34s,No,0
Crewmate,Loss,4,No,No,-,07m 49s,No,1
Crewmate,Win,8,Yes,No,-,11m 21s,No,2
Crewmate,Win,8,Yes,Yes,-,16m 33s,No,1
Crewmate,Win,4,No,No,-,10m 44s,No,1
Crewmate,Loss,7,Yes,Yes,-,13m 11s,No,0
Imposter,Win,-,-,-,4,17m 00s,No,
Crewmate,Win,3,No,No,-,07m 06s,No,0
Imposter,Loss,-,-,-,3,06m 40s,Yes,
Crewmate,Win,4,No,Yes,-,11m 13s,No,0
Crewmate,Win,1,No,Yes,-,02m 03s,No,0
Crewmate,Loss,3,No,No,-,11m 43s,No,4
Crewmate,Win,6,No,Yes,-,13m 00s,No,0
Crewmate,Win,2,No,No,-,00m 57s,No,0
Crewmate,Loss,4,No,No,-,12m 47s,Yes,0
Crewmate,Loss,8,Yes,Yes,-,17m 59s,No,0
Crewmate,Loss,3,No,No,-,09m 23s,Yes,2
Crewmate,Loss,4,No,No,-,02m 11s,No,1
Imposter,Win,-,-,-,5,02m 22s,No,
Crewmate,Win,7,Yes,Yes,-,17m 26s,No,0
Crewmate,Win,6,No,No,-,09m 24s,No,2
Crewmate,Loss,7,Yes,No,-,15m 35s,No,0
Imposter,Loss,-,-,-,2,23m 02s,No,
Crewmate,Win,7,Yes,No,-,13m 06s,No,1
Crewmate,Win,2,No,Yes,-,20m 04s,No,0
Imposter,Win,-,-,-,2,17m 25s,No,
Crewmate,Loss,3,No,No,-,05m 07s,No,0
Crewmate,Win,7,Yes,No,-,22m 07s,No,2
Crewmate,Win,8,Yes,No,-,12m 54s,No,2
Crewmate,Win,6,No,Yes,-,09m 48s,No,0
Crewmate,Win,8,Yes,No,-,09m 12s,No,1
Crewmate,Loss,4,No,Yes,-,06m 13s,No,0
Crewmate,Loss,2,No,Yes,-,07m 56s,No,1
Crewmate,Loss,3,No,Yes,-,06m 07s,No,0
Crewmate,Win,4,No,No,-,09m 26s,No,1
Crewmate,Win,4,No,No,-,03m 48s,No,1
Crewmate,Loss,6,No,Yes,-,09m 10s,No,0
Crewmate,Win,8,Yes,Yes,-,15m 23s,No,0
Crewmate,Loss,1,No,Yes,-,18m 04s,No,0
Crewmate,Win,1,No,Yes,-,18m 25s,No,0
Crewmate,Win,7,No,Yes,-,11m 50s,No,0
Imposter,Win,-,-,-,2,17m 03s,No,
Crewmate,Loss,0,No,No,-,03m 51s,No,0
Crewmate,Loss,0,No,Yes,-,05m 37s,No,0
Crewmate,Loss,0,No,Yes,-,07m 09s,No,0
Crewmate,Loss,3,No,Yes,-,16m 22s,No,0
Crewmate,Loss,3,No,Yes,-,08m 39s,No,0
Crewmate,Win,8,Yes,Yes,-,16m 12s,No,1
Crewmate,Loss,8,Yes,No,-,13m 03s,No,0
Crewmate,Loss,8,Yes,Yes,-,21m 47s,No,0
Imposter,Win,-,-,-,1,24m 23s,No,
Crewmate,Loss,3,No,No,-,08m 39s,No,1
Crewmate,Win,7,No,No,-,09m 57s,No,1
Crewmate,Loss,8,Yes,Yes,-,13m 56s,No,0
Crewmate,Win,6,Yes,No,-,12m 29s,No,1
Crewmate,Loss,2,No,Yes,-,07m 52s,No,0
Crewmate,Win,0,No,No,-,05m 24s,No,0
Crewmate,Win,0,No,No,-,02m 22s,No,0
Crewmate,Loss,0,No,No,-,05m 48s,No,1
Crewmate,Win,1,No,No,-,05m 57s,No,0
Crewmate,Win,3,No,Yes,-,19m 34s,No,0
Crewmate,Loss,7,Yes,Yes,-,13m 15s,No,0
Crewmate,Win,5,No,No,-,13m 16s,No,0
Crewmate,Win,3,No,Yes,-,11m 00s,No,0
Crewmate,Win,7,Yes,No,-,18m 01s,No,1
Imposter,Win,-,-,-,4,14m 25s,Yes,
Imposter,Loss,-,-,-,2,16m 53s,No,
Crewmate,Win,7,Yes,Yes,-,19m 25s,No,0
Crewmate,Win,4,No,No,-,08m 42s,No,0
Imposter,Win,-,-,-,4,01m 06s,No,
Crewmate,Win,3,No,No,-,08m 27s,No,0
Crewmate,Win,7,Yes,Yes,-,12m 54s,No,0
Imposter,Loss,-,-,-,2,12m 22s,No,
Crewmate,Loss,2,No,No,-,04m 54s,No,0
Imposter,Loss,-,-,-,1,05m 07s,No,
Crewmate,Win,7,Yes,No,-,09m 09s,No,0
Crewmate,Loss,7,Yes,Yes,-,14m 07s,No,0
Crewmate,Loss,7,Yes,Yes,-,14m 12s,No,0
Imposter,Win,-,-,-,4,09m 18s,No,
Crewmate,Loss,7,Yes,Yes,-,14m 18s,No,0
Crewmate,Loss,3,No,Yes,-,08m 20s,No,0
Crewmate,Loss,7,No,Yes,-,05m 49s,No,0
Crewmate,Win,8,Yes,No,-,16m 56s,No,0
Crewmate,Loss,2,No,Yes,-,09m 11s,No,0
Crewmate,Loss,8,Yes,Yes,-,15m 07s,No,0
Crewmate,Loss,8,Yes,No,-,17m 37s,No,0
Crewmate,Win,8,Yes,No,-,18m 21s,No,0
Crewmate,Win,8,Yes,No,-,11m 36s,No,1
Crewmate,Loss,6,No,Yes,-,16m 46s,No,0
Crewmate,Loss,1,No,Yes,-,08m 19s,No,0
Imposter,Win,-,-,-,1,09m 57s,No,
Crewmate,Loss,8,Yes,Yes,-,13m 49s,No,0
Crewmate,Win,2,No,No,-,07m 38s,No,0
Crewmate,Win,5,No,Yes,-,10m 13s,No,0
Crewmate,Loss,8,Yes,Yes,-,14m 29s,No,0
Crewmate,Win,2,No,No,-,01m 13s,No,0
Crewmate,Win,1,No,No,-,01m 31s,No,0
Crewmate,Loss,8,Yes,Yes,-,11m 33s,No,0
Crewmate,Loss,4,No,No,-,07m 10s,No,0
Crewmate,Loss,8,Yes,Yes,-,20m 19s,No,1
Crewmate,Loss,3,No,Yes,-,10m 20s,No,0
Crewmate,Loss,8,Yes,Yes,-,13m 03s,No,0
Crewmate,Win,6,No,Yes,-,14m 01s,No,0
Crewmate,Loss,8,Yes,Yes,-,16m 18s,No,0
Crewmate,Win,6,No,No,-,12m 58s,No,0
Crewmate,Win,4,No,No,-,14m 59s,No,0
Crewmate,Win,8,Yes,No,-,11m 27s,No,0
Crewmate,Loss,8,Yes,Yes,-,21m 55s,No,0
Crewmate,Loss,8,Yes,No,-,12m 42s,No,0
Crewmate,Loss,7,No,Yes,-,07m 07s,No,0
Crewmate,Win,8,Yes,Yes,-,13m 24s,No,0
Crewmate,Loss,8,Yes,No,-,07m 46s,No,1
Crewmate,Loss,8,Yes,Yes,-,10m 59s,No,0
Crewmate,Win,7,No,Yes,-,13m 10s,No,0
Imposter,Win,-,-,-,2,16m 32s,No,
Crewmate,Win,1,No,Yes,-,05m 13s,No,0
Crewmate,Loss,8,Yes,Yes,-,13m 10s,No,0
Crewmate,Win,8,Yes,No,-,19m 05s,No,0
Imposter,Loss,-,-,-,1,20m 36s,No,
Crewmate,Win,5,No,No,-,16m 11s,No,0
Crewmate,Loss,7,Yes,Yes,-,14m 42s,No,0
Crewmate,Win,3,No,Yes,-,10m 32s,No,0
Crewmate,Win,7,Yes,Yes,-,12m 46s,No,0
Crewmate,Loss,3,No,Yes,-,05m 28s,No,0
Crewmate,Win,7,Yes,No,-,14m 13s,No,0
Imposter,Win,-,-,-,4,12m 38s,No,
Crewmate,Win,7,Yes,No,-,12m 07s,No,0
Crewmate,Win,5,No,No,-,08m 37s,No,0
Imposter,Win,-,-,-,6,15m 48s,No,
Crewmate,Win,8,Yes,Yes,-,16m 21s,No,0
Crewmate,Win,5,No,Yes,-,06m 28s,No,0
Crewmate,Win,8,Yes,No,-,18m 02s,No,1
Imposter,Loss,-,-,-,4,16m 53s,No,
Crewmate,Loss,8,Yes,Yes,-,23m 32s,No,0
Crewmate,Loss,8,Yes,Yes,-,14m 42s,No,0
Crewmate,Loss,6,No,No,-,15m 39s,No,0
Crewmate,Win,7,Yes,Yes,-,15m 48s,No,0
Crewmate,Win,7,Yes,Yes,-,18m 02s,No,0
Imposter,Loss,-,-,-,1,17m 18s,Yes,
Crewmate,Win,4,No,No,-,13m 26s,No,0
Crewmate,Loss,7,Yes,Yes,-,14m 58s,No,0
Crewmate,Win,6,No,No,-,07m 53s,No,0
Crewmate,Win,7,Yes,Yes,-,16m 32s,No,0
Crewmate,Win,7,Yes,Yes,-,17m 03s,No,0
Crewmate,Win,6,No,No,-,05m 06s,No,0
Crewmate,Win,2,No,No,-,06m 39s,No,0
Crewmate,Win,8,Yes,No,-,10m 15s,No,0
Imposter,Win,-,-,-,3,14m 29s,No,
Crewmate,Win,8,Yes,No,-,09m 49s,No,0
Crewmate,Win,3,No,No,-,10m 41s,No,0
Crewmate,Win,4,No,No,-,09m 45s,No,0
Crewmate,Win,8,Yes,No,-,21m 39s,No,1
Crewmate,Win,8,Yes,Yes,-,14m 17s,No,0
Crewmate,Loss,0,No,Yes,-,11m 35s,No,0
Crewmate,Win,5,No,No,-,09m 01s,No,0
Crewmate,Loss,5,No,Yes,-,11m 26s,No,0
Crewmate,Win,7,Yes,Yes,-,18m 54s,No,0
Crewmate,Win,6,No,Yes,-,12m 22s,No,0
Crewmate,Loss,4,No,No,-,11m 18s,No,0
Crewmate,Win,5,No,Yes,-,14m 08s,No,0
Crewmate,Win,4,No,No,-,08m 12s,No,0
Crewmate,Loss,7,Yes,Yes,-,11m 03s,No,0
Crewmate,Win,2,No,No,-,05m 35s,No,0
Crewmate,Loss,7,Yes,No,-,13m 46s,No,0
Crewmate,Win,6,No,No,-,15m 04s,No,0
Imposter,Loss,-,-,-,1,06m 12s,No,
Crewmate,Win,2,No,Yes,-,08m 03s,No,0
Crewmate,Loss,5,No,No,-,05m 07s,No,0
Crewmate,Win,8,Yes,No,-,10m 39s,No,0
Imposter,Loss,-,-,-,5,20m 15s,No,
Crewmate,Loss,7,Yes,No,-,14m 56s,No,0
Crewmate,Win,3,No,No,-,06m 48s,No,0
Imposter,Win,-,-,-,1,09m 51s,No,
Crewmate,Win,6,Yes,No,-,12m 29s,No,1
Crewmate,Loss,2,No,Yes,-,07m 52s,No,0
Crewmate,Win,0,No,No,-,05m 24s,No,0
Crewmate,Win,0,No,No,-,02m 22s,No,0
Crewmate,Loss,0,No,No,-,05m 48s,No,1
Crewmate,Win,1,No,No,-,05m 57s,No,0
Crewmate,Win,3,No,Yes,-,19m 34s,No,0
Crewmate,Loss,7,Yes,Yes,-,13m 15s,No,0
Crewmate,Win,5,No,No,-,13m 16s,No,0
Crewmate,Win,3,No,Yes,-,11m 00s,No,0
Crewmate,Win,7,Yes,No,-,18m 01s,No,1
Imposter,Win,-,-,-,4,14m 25s,Yes,
Imposter,Loss,-,-,-,2,16m 53s,No,
Crewmate,Win,7,Yes,Yes,-,19m 25s,No,0
Crewmate,Win,4,No,No,-,08m 42s,No,0
Imposter,Win,-,-,-,4,01m 06s,No,
Crewmate,Win,3,No,No,-,08m 27s,No,0
Crewmate,Win,7,Yes,Yes,-,12m 54s,No,0
Imposter,Loss,-,-,-,2,12m 22s,No,
Crewmate,Loss,2,No,No,-,04m 54s,No,0
Imposter,Loss,-,-,-,1,05m 07s,No,
Crewmate,Win,7,Yes,No,-,09m 09s,No,0
Crewmate,Loss,7,Yes,Yes,-,14m 07s,No,0
Crewmate,Loss,7,Yes,Yes,-,14m 12s,No,0
Imposter,Win,-,-,-,4,09m 18s,No,
Crewmate,Loss,7,Yes,Yes,-,14m 18s,No,0
Crewmate,Loss,3,No,Yes,-,08m 20s,No,0
Crewmate,Loss,7,No,Yes,-,05m 49s,No,0
Crewmate,Win,8,Yes,No,-,16m 56s,No,0
Crewmate,Loss,2,No,Yes,-,09m 11s,No,0
Crewmate,Loss,8,Yes,Yes,-,15m 07s,No,0
Crewmate,Loss,8,Yes,No,-,17m 37s,No,0
Crewmate,Win,8,Yes,No,-,18m 21s,No,0
Crewmate,Win,8,Yes,No,-,11m 36s,No,1
Crewmate,Loss,6,No,Yes,-,16m 46s,No,0
Crewmate,Loss,1,No,Yes,-,08m 19s,No,0
Imposter,Win,-,-,-,1,09m 57s,No,
Crewmate,Loss,8,Yes,Yes,-,13m 49s,No,0
Crewmate,Win,2,No,No,-,07m 38s,No,0
Crewmate,Win,5,No,Yes,-,10m 13s,No,0
Crewmate,Loss,8,Yes,Yes,-,14m 29s,No,0
Crewmate,Win,2,No,No,-,01m 13s,No,0
Crewmate,Win,1,No,No,-,01m 31s,No,0
Crewmate,Loss,8,Yes,Yes,-,11m 33s,No,0
Crewmate,Loss,4,No,No,-,07m 10s,No,0
Crewmate,Loss,8,Yes,Yes,-,20m 19s,No,1
Crewmate,Loss,3,No,Yes,-,10m 20s,No,0
Crewmate,Loss,8,Yes,Yes,-,13m 03s,No,0
Crewmate,Win,6,No,Yes,-,14m 01s,No,0
Crewmate,Loss,8,Yes,Yes,-,16m 18s,No,0
Crewmate,Win,6,No,No,-,12m 58s,No,0
Crewmate,Win,4,No,No,-,14m 59s,No,0
Crewmate,Win,8,Yes,No,-,11m 27s,No,0
Crewmate,Loss,8,Yes,Yes,-,21m 55s,No,0
Crewmate,Loss,8,Yes,No,-,12m 42s,No,0
Crewmate,Loss,7,No,Yes,-,07m 07s,No,0
Crewmate,Win,8,Yes,Yes,-,13m 24s,No,0
Crewmate,Loss,8,Yes,No,-,07m 46s,No,1
Crewmate,Loss,8,Yes,Yes,-,10m 59s,No,0
Crewmate,Win,7,No,Yes,-,13m 10s,No,0
Imposter,Win,-,-,-,2,16m 32s,No,
Crewmate,Win,1,No,Yes,-,05m 13s,No,0
Crewmate,Loss,8,Yes,Yes,-,13m 10s,No,0
Crewmate,Win,8,Yes,No,-,19m 05s,No,0
Imposter,Loss,-,-,-,1,20m 36s,No,
Crewmate,Win,5,No,No,-,16m 11s,No,0
Crewmate,Loss,7,Yes,Yes,-,14m 42s,No,0
Crewmate,Win,3,No,Yes,-,10m 32s,No,0
Crewmate,Win,7,Yes,Yes,-,12m 46s,No,0
Crewmate,Loss,3,No,Yes,-,05m 28s,No,0
Crewmate,Win,7,Yes,No,-,14m 13s,No,0
Imposter,Win,-,-,-,4,12m 38s,No,
Crewmate,Win,7,Yes,No,-,12m 07s,No,0
Crewmate,Win,5,No,No,-,08m 37s,No,0
Imposter,Win,-,-,-,6,15m 48s,No,
Crewmate,Win,8,Yes,Yes,-,16m 21s,No,0
Crewmate,Win,5,No,Yes,-,06m 28s,No,0
Crewmate,Win,8,Yes,No,-,18m 02s,No,1
Imposter,Loss,-,-,-,4,16m 53s,No,
Crewmate,Loss,8,Yes,Yes,-,23m 32s,No,0
Crewmate,Loss,8,Yes,Yes,-,14m 42s,No,0
Imposter,Loss,-,-,-,2,08m 19s,No,
Crewmate,Win,3,No,No,-,05m 46s,No,0
Crewmate,Win,3,No,No,-,04m 32s,No,0
Crewmate,Win,6,No,No,-,17m 02s,No,0
Crewmate,Win,4,No,Yes,-,05m 51s,No,0
Crewmate,Loss,4,No,Yes,-,03m 21s,No,0
Crewmate,Loss,1,No,No,-,04m 57s,No,0
Imposter,Win,-,-,-,3,05m 00s,No,
Crewmate,Win,7,Yes,No,-,13m 54s,No,0
Imposter,Win,-,-,-,3,09m 23s,No,
Crewmate,Win,7,Yes,Yes,-,21m 49s,No,1
Crewmate,Win,7,Yes,Yes,-,12m 26s,No,0
Crewmate,Win,7,Yes,No,-,14m 43s,No,0
Imposter,Loss,-,-,-,1,15m 19s,Yes,
Crewmate,Win,2,No,No,-,05m 47s,No,0
Crewmate,Win,6,Yes,No,-,08m 14s,No,0
Crewmate,Loss,8,Yes,Yes,-,23m 07s,No,2
Crewmate,Loss,8,Yes,Yes,-,15m 36s,No,0
Crewmate,Loss,7,No,No,-,16m 27s,No,0
Crewmate,Win,2,No,No,-,05m 08s,No,0
Crewmate,Win,8,Yes,No,-,10m 25s,No,1
Crewmate,Win,8,Yes,No,-,13m 45s,No,1
Imposter,Win,-,-,-,4,13m 35s,No,
Imposter,Win,-,-,-,3,12m 22s,No,
Crewmate,Win,8,Yes,Yes,-,20m 36s,No,0
Crewmate,Win,8,Yes,No,-,17m 32s,No,0
Imposter,Loss,-,-,-,3,18m 43s,No,
Crewmate,Win,5,No,No,-,05m 22s,No,0
Crewmate,Win,8,Yes,Yes,-,20m 25s,No,0
Crewmate,Win,8,Yes,Yes,-,12m 34s,No,1
Crewmate,Win,8,Yes,Yes,-,17m 40s,No,1
Crewmate,Loss,8,Yes,Yes,-,20m 16s,No,0
Crewmate,Loss,8,Yes,Yes,-,13m 38s,No,0
Crewmate,Loss,6,No,No,-,09m 58s,No,0
Crewmate,Loss,8,Yes,No,-,06m 00s,No,0
Crewmate,Loss,8,Yes,No,-,10m 46s,No,0
Crewmate,Loss,8,Yes,No,-,15m 16s,No,0
Crewmate,Win,8,Yes,No,-,16m 29s,Yes,1
Crewmate,Loss,8,Yes,Yes,-,11m 22s,No,0
Imposter,Loss,-,-,-,3,10m 18s,Yes,
Crewmate,Win,8,Yes,No,-,11m 44s,No,1
Crewmate,Win,5,No,No,-,08m 30s,No,0
Crewmate,Win,8,Yes,Yes,-,12m 35s,No,0
Crewmate,Win,7,Yes,No,-,16m 36s,No,1
Crewmate,Win,6,Yes,Yes,-,15m 40s,No,0
Crewmate,Win,7,Yes,No,-,18m 35s,No,2
Crewmate,Win,7,Yes,Yes,-,13m 57s,No,0
Crewmate,Loss,7,Yes,No,-,17m 00s,No,0
Crewmate,Win,7,Yes,Yes,-,20m 08s,No,0
Crewmate,Win,7,Yes,Yes,-,14m 54s,No,0
Crewmate,Win,7,Yes,No,-,14m 48s,No,1
Crewmate,Win,7,Yes,Yes,-,17m 29s,No,0
Crewmate,Loss,7,Yes,No,-,12m 11s,No,1
Crewmate,Loss,7,Yes,Yes,-,13m 41s,No,1
Imposter,Win,-,-,-,4,15m 15s,No,
Crewmate,Loss,7,Yes,No,-,12m 46s,No,0
Crewmate,Win,7,Yes,No,-,16m 01s,No,2
Crewmate,Win,7,Yes,Yes,-,13m 19s,No,2
Crewmate,Win,8,Yes,Yes,-,16m 33s,No,0
Crewmate,Win,4,No,Yes,-,08m 43s,No,0
Crewmate,Loss,4,No,Yes,-,10m 31s,No,0
Imposter,Loss,-,-,-,1,06m 47s,No,
Crewmate,Win,8,Yes,No,-,08m 52s,No,1
Crewmate,Loss,5,No,No,-,06m 01s,No,0
Crewmate,Win,8,Yes,No,-,15m 52s,No,1
Crewmate,Win,8,Yes,No,-,11m 01s,No,0
Crewmate,Win,8,Yes,No,-,19m 35s,No,0
Crewmate,Loss,8,Yes,No,-,19m 38s,No,1
Crewmate,Loss,6,No,No,-,11m 20s,No,1
Crewmate,Win,5,No,No,-,07m 22s,No,1
Crewmate,Win,7,No,Yes,-,05m 42s,No,0
Crewmate,Win,7,Yes,Yes,-,16m 38s,No,0
Crewmate,Win,7,Yes,No,-,19m 29s,No,1
Crewmate,Win,7,Yes,Yes,-,15m 26s,No,1
Crewmate,Loss,5,No,Yes,-,09m 08s,No,0
Crewmate,Win,7,Yes,Yes,-,11m 44s,No,0
Crewmate,Loss,7,Yes,Yes,-,19m 08s,No,3
Crewmate,Win,6,No,No,-,09m 36s,No,0
Imposter,Win,-,-,-,3,08m 44s,No,
Crewmate,Win,7,Yes,No,-,10m 38s,No,0
Imposter,Win,-,-,-,3,16m 51s,No,
Crewmate,Win,7,Yes,Yes,-,11m 06s,No,0
Crewmate,Win,6,No,No,-,06m 08s,No,2
Crewmate,Win,7,Yes,No,-,19m 41s,No,3
Crewmate,Win,4,No,No,-,15m 45s,No,0
Imposter,Loss,-,-,-,4,16m 33s,Yes,
Imposter,Loss,-,-,-,1,10m 06s,Yes,
Imposter,Win,-,-,-,1,03m 50s,No,
Crewmate,Win,7,Yes,No,-,06m 19s,No,1
Imposter,Loss,-,-,-,1,06m 46s,No,
Imposter,Win,-,-,-,2,14m 12s,No,
Crewmate,Win,3,No,Yes,-,11m 03s,No,1
Crewmate,Win,7,Yes,No,-,11m 08s,No,0
Imposter,Win,-,-,-,2,16m 41s,No,
Crewmate,Win,7,Yes,No,-,13m 42s,No,0
Crewmate,Win,7,Yes,No,-,14m 26s,No,1
Crewmate,Win,0,No,Yes,-,15m 12s,No,0
Imposter,Win,-,-,-,2,04m 09s,No,
Crewmate,Win,1,No,No,-,02m 17s,No,0
Crewmate,Win,1,No,No,-,03m 20s,No,0
Crewmate,Win,6,No,No,-,08m 20s,No,0
Crewmate,Loss,7,Yes,Yes,-,19m 45s,No,1
Crewmate,Win,3,No,No,-,05m 46s,No,0
Crewmate,Win,4,No,No,-,02m 57s,No,0
Crewmate,Win,8,Yes,Yes,-,15m 26s,No,0
Crewmate,Win,1,No,No,-,04m 00s,No,0
Imposter,Loss,-,-,-,3,20m 04s,No,
Imposter,Loss,-,-,-,4,22m 08s,No,
Crewmate,Win,7,Yes,No,-,19m 22s,No,1
Crewmate,Loss,7,Yes,Yes,-,13m 49s,No,0
Crewmate,Win,7,Yes,Yes,-,17m 17s,No,0
Imposter,Win,-,-,-,1,12m 18s,No,
Imposter,Win,-,-,-,2,09m 49s,No,
Imposter,Loss,-,-,-,3,15m 05s,No,
Imposter,Win,-,-,-,3,11m 08s,No,
Crewmate,Win,8,Yes,No,-,09m 26s,No,0
Crewmate,Win,8,Yes,Yes,-,18m 57s,No,0
Crewmate,Win,8,Yes,Yes,-,18m 51s,No,0
Crewmate,Loss,7,Yes,No,-,12m 53s,No,0
Imposter,Loss,-,-,-,1,12m 20s,Yes,
Crewmate,Win,5,No,Yes,-,10m 13s,No,1
Crewmate,Win,7,Yes,Yes,-,17m 43s,No,0
Crewmate,Win,8,Yes,Yes,-,20m 44s,No,3
Imposter,Loss,-,-,-,2,15m 19s,No,
Imposter,Win,-,-,-,1,07m 38s,No,
Crewmate,Loss,2,No,Yes,-,06m 03s,No,0
Crewmate,Win,8,Yes,No,-,04m 41s,No,1
Imposter,Win,-,-,-,2,10m 08s,No,
Imposter,Loss,-,-,-,5,10m 59s,No,
Crewmate,Win,8,Yes,No,-,13m 10s,No,1
Crewmate,Win,8,Yes,No,-,15m 36s,No,2
Crewmate,Loss,8,Yes,Yes,-,16m 02s,No,0
Imposter,Loss,-,-,-,1,04m 14s,Yes,
Crewmate,Win,3,No,Yes,-,10m 41s,No,0
Crewmate,Win,1,No,No,-,12m 33s,No,1
Crewmate,Win,7,Yes,Yes,-,17m 49s,No,2
Crewmate,Loss,7,Yes,Yes,-,15m 10s,No,0
Crewmate,Loss,7,Yes,Yes,-,11m 41s,No,1
Crewmate,Loss,0,No,Yes,-,02m 29s,No,0
Crewmate,Win,8,Yes,No,-,13m 21s,No,0
Crewmate,Win,8,Yes,Yes,-,15m 04s,No,0
Crewmate,Loss,8,Yes,No,-,09m 45s,No,1
Imposter,Win,-,-,-,2,11m 35s,No,
Imposter,Win,-,-,-,2,09m 08s,No,
Imposter,Win,-,-,-,4,17m 41s,No,
Imposter,Win,-,-,-,4,14m 01s,No,
Crewmate,Loss,7,Yes,Yes,-,08m 17s,No,1
Crewmate,Win,7,Yes,Yes,-,20m 36s,No,0
Crewmate,Win,7,Yes,No,-,07m 11s,No,0
Crewmate,Win,5,No,No,-,07m 30s,No,0
Crewmate,Win,7,Yes,No,-,13m 54s,No,0
Crewmate,Loss,7,Yes,Yes,-,08m 09s,No,0
Crewmate,Loss,6,No,Yes,-,11m 19s,No,4
Crewmate,Win,7,Yes,Yes,-,13m 45s,No,0
Crewmate,Loss,7,Yes,Yes,-,14m 18s,No,0
Crewmate,Loss,8,Yes,Yes,-,20m 15s,No,4
Crewmate,Loss,2,No,No,-,14m 51s,Yes,2
Crewmate,Win,8,Yes,No,-,16m 30s,No,0
Crewmate,Win,8,Yes,No,-,10m 40s,No,2
Crewmate,Win,8,Yes,Yes,-,20m 04s,No,1
Crewmate,Loss,8,Yes,Yes,-,15m 52s,No,0
Crewmate,Win,5,No,No,-,07m 31s,No,0
Imposter,Loss,-,-,-,2,12m 35s,No,
Crewmate,Loss,0,No,Yes,-,05m 54s,No,0
Imposter,Win,-,-,-,1,12m 44s,No,
Crewmate,Loss,3,No,No,-,11m 12s,No,3
Imposter,Win,-,-,-,2,12m 31s,No,
Crewmate,Win,7,Yes,No,-,18m 42s,No,1
Crewmate,Win,3,No,No,-,07m 18s,No,0
Crewmate,Win,5,No,No,-,08m 20s,No,0
Crewmate,Loss,7,Yes,Yes,-,12m 06s,No,0
Crewmate,Loss,0,No,No,-,02m 22s,No,0
Crewmate,Loss,7,Yes,Yes,-,14m 02s,No,0
Crewmate,Win,7,Yes,Yes,-,09m 38s,No,0
Crewmate,Win,4,No,Yes,-,06m 39s,No,0
Crewmate,Loss,8,Yes,No,-,15m 42s,No,1
Crewmate,Win,8,Yes,No,-,16m 00s,No,0
Crewmate,Loss,8,Yes,No,-,11m 28s,No,0
Crewmate,Win,8,Yes,Yes,-,16m 02s,No,1
Crewmate,Win,2,No,No,-,01m 17s,No,0
Crewmate,Loss,8,Yes,No,-,15m 23s,No,1
Crewmate,Loss,5,No,Yes,-,12m 16s,No,0
Crewmate,Loss,7,Yes,No,-,18m 30s,No,0
Crewmate,Win,4,No,No,-,13m 29s,No,1
Imposter,Win,-,-,-,2,05m 15s,No,
Crewmate,Win,7,Yes,No,-,14m 52s,No,0
Crewmate,Win,7,Yes,No,-,21m 16s,No,0
Crewmate,Loss,7,Yes,Yes,-,15m 13s,No,1
Crewmate,Win,6,No,No,-,13m 22s,No,0
Crewmate,Loss,7,Yes,Yes,-,13m 52s,No,1
Crewmate,Loss,7,Yes,Yes,-,19m 06s,No,1
Crewmate,Loss,7,Yes,Yes,-,14m 39s,No,1
Crewmate,Loss,7,Yes,Yes,-,14m 25s,No,0
Crewmate,Win,7,Yes,Yes,-,18m 02s,No,0
Crewmate,Loss,7,Yes,Yes,-,19m 21s,No,0
Imposter,Loss,-,-,-,2,11m 02s,No,
Crewmate,Loss,7,Yes,Yes,-,06m 56s,No,0
Crewmate,Win,7,Yes,Yes,-,22m 06s,No,0
Crewmate,Loss,7,Yes,No,-,13m 41s,No,0
Crewmate,Loss,8,Yes,Yes,-,13m 27s,No,0
Crewmate,Win,3,No,No,-,05m 10s,No,0
Crewmate,Win,2,No,Yes,-,08m 11s,No,0
Crewmate,Loss,7,Yes,Yes,-,11m 04s,No,0
Imposter,Loss,-,-,-,2,05m 36s,No,
Crewmate,Loss,7,Yes,Yes,-,13m 46s,No,1
Crewmate,Loss,7,Yes,Yes,-,09m 56s,No,0
Imposter,Loss,-,-,-,3,15m 04s,No,
Crewmate,Win,7,Yes,Yes,-,06m 12s,No,1
Crewmate,Win,4,No,No,-,08m 04s,No,1
Crewmate,Loss,9,No,Yes,-,05m 07s,No,0
Crewmate,Win,9,Yes,No,-,10m 38s,No,1
Crewmate,Win,8,Yes,No,-,19m 33s,No,3
Crewmate,Loss,7,Yes,Yes,-,13m 15s,No,0
Crewmate,Win,7,Yes,Yes,-,13m 16s,No,0
Imposter,Loss,-,-,-,1,11m 00s,Yes,
Imposter,Loss,-,-,-,1,18m 01s,Yes,
Imposter,Win,-,-,-,2,14m 25s,No,
Crewmate,Win,7,Yes,No,-,16m 53s,No,2
Crewmate,Win,7,Yes,Yes,-,19m 25s,No,1
Crewmate,Win,7,Yes,Yes,-,08m 26s,No,1
Crewmate,Win,7,Yes,Yes,-,12m 53s,No,0
Crewmate,Win,7,Yes,No,-,12m 21s,No,1
Crewmate,Loss,7,Yes,No,-,04m 54s,No,0
Crewmate,Win,4,No,Yes,-,05m 06s,No,1
Crewmate,Win,7,Yes,No,-,09m 09s,No,0
Crewmate,Loss,7,Yes,Yes,-,14m 08s,No,0
Crewmate,Win,8,No,Yes,-,05m 57s,No,0
Crewmate,Win,7,Yes,No,-,17m 29s,No,0
Imposter,Loss,-,-,-,3,06m 51s,No,
Crewmate,Win,7,Yes,No,-,07m 09s,No,0
Crewmate,Win,7,Yes,Yes,-,04m 43s,No,0
Crewmate,Win,2,No,No,-,04m 21s,No,0
Crewmate,Win,8,Yes,Yes,-,10m 00s,No,0
Crewmate,Loss,4,No,Yes,-,03m 47s,No,0
Crewmate,Loss,8,Yes,Yes,-,05m 22s,No,0
Imposter,Loss,-,-,-,0,07m 16s,No,
Imposter,Loss,-,-,-,2,08m 50s,Yes,
Crewmate,Loss,3,No,No,-,01m 06s,No,1
Crewmate,Loss,4,No,No,-,05m 30s,No,0
Crewmate,Win,5,No,No,-,06m 23s,No,0
Crewmate,Loss,3,No,No,-,00m 36s,No,0
Imposter,Win,-,-,-,3,00m 48s,No,
Imposter,Win,-,-,-,2,02m 25s,No,
Imposter,Win,-,-,-,1,04m 51s,No,
Imposter,Win,-,-,-,2,01m 42s,No,
Crewmate,Loss,5,Yes,No,-,07m 19s,No,2
Crewmate,Loss,0,No,No,-,01m 24s,No,1
Crewmate,Loss,3,No,Yes,-,02m 28s,No,2
Crewmate,Loss,8,Yes,Yes,-,20m 49s,No,0
Crewmate,Win,8,Yes,No,-,15m 10s,No,2
Crewmate,Loss,8,Yes,No,-,07m 29s,No,0
Crewmate,Loss,6,No,No,-,05m 50s,No,0
Crewmate,Loss,9,Yes,No,-,21m 03s,No,2
Crewmate,Win,9,Yes,No,-,11m 45s,No,0
Crewmate,Loss,5,Yes,Yes,-,05m 48s,No,0
Crewmate,Win,3,No,No,-,02m 05s,No,1
Crewmate,Loss,4,No,Yes,-,07m 14s,No,1
Crewmate,Loss,4,No,Yes,-,05m 31s,No,1
Imposter,Loss,-,-,-,2,04m 35s,Yes,
Crewmate,Loss,1,No,Yes,-,00m 55s,No,0
Crewmate,Win,0,No,No,-,05m 04s,No,0
Imposter,Win,-,-,-,3,03m 35s,No,
Crewmate,Win,0,No,Yes,-,09m 36s,No,0
Imposter,Win,-,-,-,2,03m 12s,No,
Crewmate,Loss,0,No,Yes,-,02m 00s,No,0
Crewmate,Win,5,Yes,No,-,06m 26s,No,0
Crewmate,Win,2,No,No,-,02m 32s,No,0
Crewmate,Loss,0,No,Yes,-,01m 57s,No,0
Imposter,Loss,-,-,-,2,08m 26s,Yes,
Imposter,Win,-,-,-,4,06m 12s,No,
Crewmate,Win,4,No,No,-,07m 39s,No,0
Crewmate,Loss,2,No,No,-,03m 31s,No,1
Crewmate,Win,5,Yes,No,-,05m 37s,No,0
Crewmate,Win,4,No,Yes,-,05m 36s,No,1
Crewmate,Win,6,No,No,-,08m 01s,No,1
Imposter,Loss,-,-,-,1,17m 22s,No,
Crewmate,Loss,7,Yes,Yes,-,10m 27s,No,0
Crewmate,Win,5,No,No,-,14m 29s,No,1
Crewmate,Loss,5,Yes,Yes,-,07m 10s,No,0
Crewmate,Win,3,No,No,-,04m 43s,No,0
Imposter,Win,-,-,-,2,06m 59s,No,
Crewmate,Win,6,Yes,No,-,10m 24s,No,2
Crewmate,Win,6,Yes,No,-,06m 28s,No,1
Imposter,Win,-,-,-,2,02m 11s,No,
Imposter,Win,-,-,-,1,00m 29s,No,
Crewmate,Loss,0,No,No,-,00m 21s,No,0
Crewmate,Win,4,No,No,-,07m 27s,No,1
Crewmate,Loss,2,No,No,-,02m 30s,No,0
Crewmate,Win,4,No,No,-,02m 44s,No,0
Crewmate,Loss,8,Yes,Yes,-,18m 32s,No,1
Crewmate,Win,8,Yes,No,-,10m 41s,No,1
Imposter,Win,-,-,-,1,07m 42s,No,
Crewmate,Loss,8,Yes,Yes,-,13m 18s,No,0
Crewmate,Loss,8,Yes,Yes,-,21m 02s,No,1
Imposter,Win,-,-,-,3,13m 31s,No,
Crewmate,Win,4,No,No,-,06m 10s,No,0
Crewmate,Win,8,Yes,Yes,-,21m 04s,No,0
Crewmate,Win,8,Yes,No,-,12m 34s,No,0
Imposter,Loss,-,-,-,3,25m 20s,Yes,
Crewmate,Loss,8,Yes,Yes,-,11m 27s,No,0
Crewmate,Win,7,Yes,Yes,-,13m 13s,No,1
Imposter,Loss,-,-,-,3,08m 38s,No,
Imposter,Win,-,-,-,3,07m 30s,No,
Crewmate,Loss,7,Yes,Yes,-,18m 19s,No,0
Crewmate,Win,6,Yes,Yes,-,10m 42s,No,0
Crewmate,Win,3,No,No,-,05m 11s,No,1
Crewmate,Loss,5,No,Yes,-,04m 58s,No,0
Imposter,Loss,-,-,-,0,03m 37s,Yes,
Crewmate,Win,1,No,Yes,-,01m 19s,No,0
Crewmate,Loss,3,No,Yes,-,02m 11s,No,0
Crewmate,Win,7,Yes,Yes,-,09m 29s,No,0
Crewmate,Loss,6,No,Yes,-,03m 07s,No,0
Imposter,Loss,-,-,-,3,11m 40s,Yes,
Imposter,Win,-,-,-,4,09m 47s,No,
Crewmate,Loss,2,No,No,-,10m 32s,No,2
Crewmate,Win,1,No,Yes,-,03m 58s,No,0
Imposter,Win,-,-,-,2,08m 46s,No,
Crewmate,Loss,3,No,No,-,04m 07s,Yes,0
Crewmate,Loss,5,No,No,-,05m 31s,No,1
Imposter,Win,-,-,-,2,08m 00s,No,
Crewmate,Win,2,No,No,-,07m 06s,No,0
Crewmate,Loss,5,No,Yes,-,05m 00s,No,1
Imposter,Win,-,-,-,2,07m 48s,No,
Crewmate,Win,4,No,Yes,-,03m 31s,No,0
Crewmate,Loss,5,No,Yes,-,05m 27s,No,1
Imposter,Win,-,-,-,3,11m 49s,No,
Crewmate,Win,7,Yes,No,-,13m 50s,No,1
Crewmate,Win,7,Yes,Yes,-,13m 15s,No,2
Crewmate,Win,6,No,No,-,06m 24s,No,0
Crewmate,Win,5,No,Yes,-,07m 49s,No,1
Crewmate,Loss,8,Yes,Yes,-,12m 23s,No,3
Imposter,Win,-,-,-,2,09m 23s,No,
Crewmate,Win,8,Yes,No,-,17m 53s,No,1
Imposter,Loss,-,-,-,1,14m 25s,No,
Crewmate,Loss,8,Yes,Yes,-,10m 49s,No,0
Crewmate,Win,7,No,No,-,14m 33s,No,0
Crewmate,Loss,8,Yes,No,-,11m 52s,No,0
Crewmate,Win,8,Yes,No,-,18m 57s,No,0
Imposter,Win,-,-,-,1,08m 24s,No,
Crewmate,Loss,6,No,Yes,-,11m 27s,No,0
Crewmate,Win,8,Yes,No,-,12m 03s,No,0
Imposter,Loss,-,-,-,2,12m 33s,Yes,
Crewmate,Loss,2,No,No,-,10m 30s,No,0
Crewmate,Loss,7,No,Yes,-,08m 15s,No,0
Imposter,Loss,-,-,-,4,14m 41s,No,
Imposter,Loss,-,-,-,1,13m 44s,No,
Imposter,Win,-,-,-,4,10m 15s,No,
Crewmate,Win,7,No,No,-,16m 53s,No,0
Crewmate,Loss,6,No,No,-,07m 41s,No,0
Crewmate,Win,8,Yes,Yes,-,19m 33s,No,2
Imposter,Loss,-,-,-,1,16m 16s,No,
Crewmate,Win,8,Yes,No,-,13m 15s,No,0
Imposter,Loss,-,-,-,4,16m 07s,No,
Imposter,Loss,-,-,-,3,16m 57s,No,
Crewmate,Win,4,No,No,-,05m 26s,No,0
Crewmate,Win,5,No,Yes,-,16m 44s,No,0
Crewmate,Loss,7,Yes,Yes,-,19m 31s,No,0
Crewmate,Loss,3,No,Yes,-,03m 41s,No,0
Crewmate,Win,7,Yes,Yes,-,19m 11s,No,0
Crewmate,Win,0,No,No,-,00m 39s,No,0
Crewmate,Win,7,Yes,Yes,-,14m 09s,No,0
Imposter,Win,-,-,-,1,10m 41s,Yes,
Crewmate,Win,7,Yes,Yes,-,15m 38s,No,0
Crewmate,Loss,6,No,Yes,-,10m 50s,No,0
Crewmate,Loss,5,No,No,-,09m 23s,Yes,0
Imposter,Win,-,-,-,2,04m 33s,No,
Crewmate,Loss,7,Yes,No,-,11m 29s,No,0
Crewmate,Win,7,Yes,Yes,-,14m 44s,No,0
Imposter,Win,-,-,-,1,02m 37s,No,
Crewmate,Loss,4,No,No,-,10m 15s,No,1
Crewmate,Loss,7,Yes,No,-,19m 38s,Yes,0
Crewmate,Loss,7,Yes,Yes,-,12m 37s,No,0
Crewmate,Loss,7,Yes,Yes,-,09m 34s,No,0
Crewmate,Win,8,Yes,No,-,18m 26s,No,0
Crewmate,Loss,8,Yes,Yes,-,17m 02s,No,0
Crewmate,Win,7,No,Yes,-,06m 22s,No,0
Crewmate,Loss,5,No,Yes,-,05m 40s,No,1
Crewmate,Win,7,Yes,Yes,-,10m 32s,No,0
Crewmate,Win,7,Yes,No,-,16m 52s,No,0
Crewmate,Win,6,No,Yes,-,10m 49s,No,0
Crewmate,Loss,7,Yes,No,-,13m 13s,No,0
Imposter,Win,-,-,-,2,08m 25s,No,
Crewmate,Win,7,Yes,No,-,21m 56s,No,0
Crewmate,Loss,7,Yes,No,-,15m 36s,No,1
Imposter,Loss,-,-,-,2,16m 02s,No,
Crewmate,Win,7,Yes,No,-,13m 54s,No,0
Crewmate,Win,7,Yes,Yes,-,12m 39s,No,0
Crewmate,Win,7,Yes,Yes,-,18m 37s,No,0
Crewmate,Win,7,Yes,No,-,16m 57s,No,1
Crewmate,Win,7,Yes,No,-,26m 40s,No,0
Crewmate,Loss,7,Yes,Yes,-,25m 56s,No,0
Crewmate,Loss,6,No,No,-,12m 51s,No,0
Crewmate,Loss,7,Yes,Yes,-,08m 26s,No,0
Crewmate,Loss,7,Yes,Yes,-,13m 23s,No,0
Crewmate,Win,7,Yes,No,-,19m 24s,No,0
Crewmate,Win,1,No,No,-,02m 07s,No,0
Crewmate,Loss,6,No,No,-,19m 56s,No,1
Crewmate,Loss,8,Yes,Yes,-,11m 00s,No,0
Crewmate,Win,8,Yes,No,-,13m 10s,No,0
Crewmate,Loss,8,Yes,No,-,16m 32s,No,2
Crewmate,Win,1,No,No,-,05m 13s,No,1
Crewmate,Loss,4,No,Yes,-,04m 33s,No,0
Crewmate,Win,0,No,Yes,-,03m 46s,No,1
Crewmate,Loss,3,No,Yes,-,04m 20s,No,0
Imposter,Loss,-,-,-,2,02m 31s,Yes,
Crewmate,Win,2,No,No,-,02m 40s,No,0
Imposter,Win,-,-,-,3,03m 47s,No,
Crewmate,Win,0,No,Yes,-,02m 41s,No,1
Crewmate,Win,4,No,Yes,-,04m 52s,No,0
Crewmate,Win,8,Yes,No,-,21m 03s,No,1
Imposter,Win,-,-,-,3,09m 12s,No,
Crewmate,Win,2,No,No,-,08m 08s,No,0
Crewmate,Win,8,Yes,Yes,-,12m 37s,No,0
Crewmate,Loss,8,Yes,No,-,10m 39s,Yes,1
Crewmate,Loss,5,No,No,-,11m 09s,No,0
Imposter,Loss,-,-,-,2,20m 12s,No,
Crewmate,Loss,8,Yes,Yes,-,16m 13s,No,0
Imposter,Loss,-,-,-,2,17m 29s,No,
Crewmate,Win,8,Yes,No,-,13m 31s,No,0
Crewmate,Loss,8,Yes,Yes,-,18m 02s,No,0
Imposter,Win,-,-,-,2,10m 29s,No,
Crewmate,Win,4,No,Yes,-,09m 28s,No,0
Crewmate,Win,4,No,Yes,-,05m 53s,No,0
Crewmate,Loss,8,Yes,No,-,18m 08s,No,0
Crewmate,Loss,8,Yes,No,-,08m 11s,No,0
Crewmate,Win,8,Yes,No,-,19m 12s,No,0
Crewmate,Win,7,Yes,No,-,21m 19s,No,0
Crewmate,Win,7,Yes,No,-,14m 32s,No,0
Crewmate,Loss,3,No,No,-,06m 06s,Yes,0
Crewmate,Win,8,Yes,No,-,09m 41s,No,0
Crewmate,Win,8,Yes,Yes,-,13m 01s,No,0
Crewmate,Win,3,No,No,-,03m 58s,No,0
Crewmate,Loss,7,Yes,No,-,15m 06s,No,1
Imposter,Win,-,-,-,3,11m 37s,No,
Imposter,Win,-,-,-,3,09m 48s,No,
Imposter,Win,-,-,-,2,08m 31s,No,
Imposter,Loss,-,-,-,2,16m 03s,No,
Crewmate,Loss,3,No,Yes,-,10m 26s,No,0
Crewmate,Win,5,No,Yes,-,07m 23s,No,0
Crewmate,Loss,4,No,Yes,-,07m 41s,No,0
Crewmate,Win,5,No,No,-,19m 33s,No,1
Imposter,Loss,-,-,-,2,05m 26s,No,
Crewmate,Win,1,No,No,-,03m 16s,No,0
Crewmate,Loss,1,No,No,-,02m 58s,Yes,0
Imposter,Win,-,-,-,1,01m 53s,No,
Crewmate,Win,3,No,No,-,04m 00s,No,0
Imposter,Win,-,-,-,2,02m 29s,No,
Imposter,Win,-,-,-,5,05m 43s,No,
Crewmate,Loss,6,No,Yes,-,08m 14s,No,0
Crewmate,Loss,5,No,Yes,-,07m 19s,No,0
Imposter,Win,-,-,-,3,15m 24s,No,
Crewmate,Win,5,No,Yes,-,11m 32s,No,0
Crewmate,Win,4,No,No,-,13m 25s,No,0
Crewmate,Win,2,No,No,-,02m 49s,No,0
Imposter,Win,-,-,-,4,19m 44s,No,
Crewmate,Win,6,Yes,No,-,07m 30s,No,0
Crewmate,Loss,4,No,Yes,-,08m 08s,No,1
Crewmate,Loss,7,Yes,Yes,-,09m 42s,No,0
Imposter,Loss,-,-,-,2,09m 59s,No,
Crewmate,Win,7,Yes,Yes,-,14m 17s,No,0
Crewmate,Win,0,No,No,-,03m 13s,No,0
Crewmate,Loss,2,No,No,-,03m 07s,No,1
Crewmate,Win,5,Yes,No,-,06m 06s,No,0
Imposter,Loss,-,-,-,3,19m 48s,No,
Crewmate,Win,7,Yes,No,-,18m 43s,No,1
Crewmate,Win,2,No,No,-,12m 27s,No,0
Crewmate,Win,5,No,Yes,-,10m 31s,No,0
Crewmate,Win,7,Yes,Yes,-,16m 02s,No,0
Crewmate,Win,7,Yes,Yes,-,16m 46s,No,0
Crewmate,Loss,7,Yes,Yes,-,15m 23s,No,0
Crewmate,Loss,7,Yes,Yes,-,13m 56s,No,1
Crewmate,Loss,7,Yes,Yes,-,11m 22s,No,0
Crewmate,Win,8,Yes,No,-,14m 44s,No,1
Crewmate,Win,5,No,No,-,05m 21s,No,0
Crewmate,Loss,7,Yes,No,-,15m 19s,No,0
Crewmate,Win,7,Yes,Yes,-,13m 51s,No,0
Crewmate,Win,6,No,No,-,05m 23s,No,1
Crewmate,Win,4,No,Yes,-,05m 35s,No,0
Crewmate,Loss,8,Yes,No,-,07m 46s,No,0
Crewmate,Loss,8,Yes,Yes,-,09m 55s,No,0
Crewmate,Loss,8,Yes,Yes,-,14m 26s,No,0
Imposter,Win,-,-,-,4,09m 22s,No,
Imposter,Win,-,-,-,1,02m 05s,No,
Crewmate,Loss,6,No,Yes,-,05m 40s,No,1
Crewmate,Win,7,Yes,Yes,-,10m 32s,No,0
Crewmate,Win,7,Yes,Yes,-,16m 52s,No,1
Crewmate,Win,7,Yes,No,-,10m 48s,No,0
Imposter,Win,-,-,-,3,13m 13s,No,
Crewmate,Loss,4,No,Yes,-,08m 25s,No,0
Imposter,Loss,-,-,-,2,26m 40s,No,
Crewmate,Loss,4,No,No,-,12m 51s,No,1
Imposter,Win,-,-,-,3,13m 23s,No,
Crewmate,Loss,7,No,No,-,13m 10s,No,0
Crewmate,Win,8,Yes,Yes,-,19m 05s,No,0
Crewmate,Loss,0,No,No,-,00m 16s,No,0
Crewmate,Win,8,Yes,Yes,-,20m 36s,No,0
Crewmate,Win,7,No,No,-,16m 11s,No,2
Imposter,Win,-,-,-,4,16m 02s,No,
Crewmate,Win,2,No,No,-,04m 14s,No,0
Crewmate,Win,8,Yes,Yes,-,20m 10s,No,1
Crewmate,Win,8,Yes,Yes,-,13m 07s,No,0
Crewmate,Win,7,Yes,Yes,-,17m 09s,No,1
Crewmate,Win,6,No,No,-,15m 45s,No,0
Imposter,Loss,-,-,-,3,14m 02s,No,
Crewmate,Win,7,Yes,No,-,21m 41s,No,1
Crewmate,Loss,4,No,Yes,-,15m 21s,No,0
Crewmate,Loss,4,No,No,-,08m 40s,No,0
Crewmate,Win,7,Yes,Yes,-,21m 49s,No,0
Crewmate,Win,6,No,No,-,15m 35s,No,0
Crewmate,Win,7,No,Yes,-,17m 50s,No,0
Crewmate,Loss,3,No,Yes,-,11m 20s,No,0
Crewmate,Win,4,No,No,-,08m 01s,No,0
Crewmate,Win,7,Yes,No,-,17m 22s,No,1
Imposter,Win,-,-,-,4,09m 19s,No,
Crewmate,Win,3,No,No,-,02m 39s,No,0
Crewmate,Win,6,Yes,Yes,-,07m 04s,No,0
Crewmate,Loss,5,No,No,-,10m 27s,No,0
Crewmate,Win,4,No,No,-,14m 29s,No,0
Imposter,Win,-,-,-,1,00m 46s,No,
Crewmate,Win,4,No,No,-,13m 28s,No,1
Crewmate,Win,5,No,No,-,11m 28s,Yes,0
Crewmate,Loss,7,Yes,Yes,-,11m 51s,No,1
Crewmate,Loss,4,No,Yes,-,12m 22s,No,0
Imposter,Win,-,-,-,2,00m 57s,No,
Crewmate,Loss,3,No,No,-,04m 37s,No,1
Crewmate,Loss,0,No,No,-,01m 51s,Yes,0
Crewmate,Win,3,No,No,-,02m 52s,No,0
Crewmate,Loss,2,No,No,-,06m 16s,No,0
Imposter,Win,-,-,-,1,01m 49s,No,
Imposter,Win,-,-,-,1,01m 01s,No,
Crewmate,Loss,5,Yes,No,-,06m 57s,No,3
Crewmate,Win,7,Yes,Yes,-,13m 39s,No,0
Imposter,Loss,-,-,-,3,22m 35s,No,
Imposter,Win,-,-,-,3,12m 30s,No,
Crewmate,Win,5,No,No,-,09m 12s,No,1
Crewmate,Loss,0,No,Yes,-,08m 31s,No,1
Crewmate,Win,4,No,No,-,16m 02s,No,0
Crewmate,Loss,3,No,Yes,-,10m 27s,No,0
Crewmate,Win,5,No,No,-,07m 22s,Yes,0
Crewmate,Win,4,No,Yes,-,14m 49s,No,0
Imposter,Loss,-,-,-,2,16m 49s,No,
Imposter,Win,-,-,-,4,14m 55s,No,
Crewmate,Loss,6,No,Yes,-,14m 22s,No,0
Crewmate,Win,1,No,Yes,-,02m 23s,No,0
Crewmate,Win,0,No,Yes,-,02m 44s,No,0
Crewmate,Win,1,No,No,-,02m 55s,No,0
Crewmate,Loss,4,No,Yes,-,14m 00s,No,0
Imposter,Win,-,-,-,3,09m 10s,No,
Crewmate,Win,7,Yes,No,-,13m 25s,No,3
Crewmate,Win,4,No,No,-,07m 40s,No,0
Imposter,Loss,-,-,-,3,13m 24s,No,
Crewmate,Loss,3,No,Yes,-,07m 46s,No,0
Crewmate,Win,6,No,No,-,15m 11s,Yes,0
Crewmate,Win,1,No,No,-,03m 58s,No,0
Crewmate,Win,3,No,Yes,-,06m 50s,No,0
Crewmate,Win,5,No,No,-,10m 18s,No,3
Crewmate,Win,3,No,Yes,-,07m 23s,No,1
Crewmate,Win,7,Yes,Yes,-,18m 40s,No,1
Crewmate,Loss,2,No,No,-,08m 37s,No,0
Crewmate,Win,4,No,No,-,06m 42s,No,0
Imposter,Win,-,-,-,2,10m 27s,No,
Crewmate,Win,7,Yes,No,-,12m 12s,No,0
Imposter,Win,-,-,-,2,13m 53s,No,
Crewmate,Loss,3,No,No,-,05m 13s,Yes,0
Crewmate,Win,7,Yes,No,-,15m 28s,Yes,0
Imposter,Win,-,-,-,4,15m 43s,No,
Crewmate,Loss,3,No,Yes,-,13m 31s,No,1
Imposter,Win,-,-,-,4,08m 53s,No,
Crewmate,Loss,4,No,No,-,02m 15s,No,1
Crewmate,Loss,2,No,No,-,12m 54s,No,0
Crewmate,Loss,1,No,Yes,-,08m 44s,No,0
Imposter,Win,-,-,-,4,10m 12s,No,
Crewmate,Win,2,No,Yes,-,06m 45s,No,0
Crewmate,Win,4,No,No,-,17m 01s,No,1
Crewmate,Win,5,No,No,-,08m 18s,No,0
Imposter,Win,-,-,-,3,19m 45s,No,
Imposter,Loss,-,-,-,1,05m 45s,No,
Crewmate,Win,2,No,No,-,04m 31s,No,0
Crewmate,Win,6,No,Yes,-,17m 01s,No,1
Imposter,Win,-,-,-,2,03m 21s,No,
Crewmate,Loss,2,No,No,-,04m 55s,No,0
Crewmate,Win,0,No,No,-,05m 38s,No,2
Crewmate,Loss,4,No,Yes,-,05m 00s,No,0
Crewmate,Win,3,No,Yes,-,13m 53s,No,0
Crewmate,Loss,5,No,Yes,-,09m 23s,No,0
Imposter,Win,-,-,-,1,04m 30s,No,
Crewmate,Loss,2,No,No,-,08m 53s,Yes,5
Crewmate,Win,2,No,Yes,-,02m 20s,No,0
Crewmate,Win,1,No,No,-,02m 22s,No,0
Crewmate,Win,7,Yes,Yes,-,10m 20s,No,2
Crewmate,Win,0,No,No,-,05m 35s,No,1
Crewmate,Loss,7,Yes,No,-,13m 47s,No,1
Imposter,Win,-,-,-,2,05m 07s,No,
Imposter,Win,-,-,-,2,08m 49s,No,
Crewmate,Loss,3,No,Yes,-,06m 04s,No,1
Imposter,Win,-,-,-,3,09m 25s,No,
Crewmate,Win,8,Yes,Yes,-,15m 21s,No,3
Imposter,Win,-,-,-,3,18m 12s,No,
Crewmate,Win,8,Yes,Yes,-,11m 51s,No,0
Imposter,Win,-,-,-,3,17m 02s,No,
Imposter,Win,-,-,-,2,08m 57s,No,
Crewmate,Loss,8,No,Yes,-,14m 07s,No,0
Imposter,Loss,-,-,-,2,07m 53s,No,
Imposter,Loss,-,-,-,1,10m 36s,No,
Crewmate,Win,8,Yes,No,-,14m 43s,No,0
Crewmate,Win,2,No,No,-,02m 01s,No,1
Crewmate,Win,1,No,No,-,01m 48s,No,0
Crewmate,Loss,6,No,No,-,11m 52s,Yes,1
Imposter,Win,-,-,-,1,03m 07s,Yes,
Crewmate,Win,4,No,Yes,-,05m 43s,No,1
Crewmate,Win,4,No,Yes,-,05m 58s,No,0
Crewmate,Loss,3,No,No,-,10m 53s,No,0
Crewmate,Loss,7,No,Yes,-,13m 04s,No,1
Crewmate,Win,4,No,Yes,-,13m 55s,No,0
Crewmate,Loss,7,No,No,-,16m 42s,No,4
Imposter,Loss,-,-,-,2,13m 13s,No,
Crewmate,Win,6,No,No,-,15m 28s,No,1
Crewmate,Win,6,Yes,Yes,-,11m 02s,No,0
Crewmate,Win,2,No,Yes,-,15m 29s,No,0
Crewmate,Win,1,No,Yes,-,09m 53s,No,1
Crewmate,Loss,8,Yes,No,-,18m 17s,No,0
Crewmate,Win,5,No,No,-,10m 28s,No,0
Imposter,Loss,-,-,-,2,12m 04s,No,
Imposter,Loss,-,-,-,2,15m 29s,No,
Crewmate,Loss,7,No,Yes,-,11m 55s,No,0
Imposter,Win,-,-,-,2,12m 03s,No,
Crewmate,Loss,4,No,No,-,14m 22s,No,1
Imposter,Win,-,-,-,4,13m 01s,No,
Crewmate,Loss,7,No,Yes,-,05m 39s,No,2
Crewmate,Win,8,Yes,No,-,07m 05s,No,1
Crewmate,Loss,8,Yes,Yes,-,12m 36s,No,0
Crewmate,Loss,2,No,No,-,07m 01s,No,0
Crewmate,Loss,4,No,No,-,08m 49s,No,1
Crewmate,Win,7,Yes,Yes,-,13m 39s,No,0
Crewmate,Win,7,Yes,Yes,-,22m 36s,No,0
Crewmate,Loss,5,No,No,-,08m 49s,No,1
Crewmate,Win,7,Yes,No,-,15m 45s,No,0
Imposter,Loss,-,-,-,0,21m 33s,No,
Crewmate,Loss,5,No,Yes,-,26m 07s,No,2
Crewmate,Loss,6,No,No,-,20m 28s,No,2
Crewmate,Win,4,No,Yes,-,16m 28s,No,0
Crewmate,Loss,6,No,Yes,-,12m 58s,No,0
Crewmate,Win,7,Yes,No,-,17m 48s,No,0
Crewmate,Win,7,Yes,No,-,12m 15s,No,2
Crewmate,Win,8,Yes,Yes,-,13m 32s,No,1
Crewmate,Win,8,Yes,Yes,-,14m 28s,No,1
Imposter,Win,-,-,-,2,15m 18s,No,
Crewmate,Loss,8,Yes,No,-,14m 00s,No,0
Crewmate,Win,7,Yes,No,-,13m 57s,No,0
Imposter,Loss,-,-,-,1,11m 45s,No,
Crewmate,Loss,8,Yes,No,-,09m 51s,No,2
Imposter,Loss,-,-,-,3,11m 25s,Yes,
Crewmate,Win,7,Yes,No,-,16m 50s,No,2
Crewmate,Win,7,Yes,No,-,13m 56s,No,1
Imposter,Win,-,-,-,3,09m 16s,No,
Crewmate,Win,7,Yes,No,-,17m 05s,No,0
Crewmate,Win,7,Yes,Yes,-,17m 16s,No,0
Crewmate,Loss,8,Yes,Yes,-,23m 01s,No,1
Crewmate,Loss,5,No,No,-,08m 47s,No,0
Crewmate,Loss,6,No,No,-,08m 28s,No,0
Crewmate,Loss,7,No,No,-,13m 44s,No,1
Crewmate,Loss,2,No,Yes,-,07m 38s,No,0
Crewmate,Loss,6,No,No,-,05m 55s,No,1
Crewmate,Loss,7,No,Yes,-,08m 41s,No,1
Imposter,Win,-,-,-,3,05m 53s,No,
Crewmate,Loss,7,Yes,Yes,-,10m 28s,No,0
Crewmate,Loss,7,Yes,Yes,-,12m 55s,No,1
Crewmate,Win,6,Yes,Yes,-,12m 29s,No,0
Crewmate,Win,6,No,No,-,12m 52s,No,0
Crewmate,Win,7,Yes,Yes,-,08m 54s,No,1
Crewmate,Loss,2,No,Yes,-,07m 12s,No,0
Crewmate,Win,5,No,Yes,-,13m 16s,No,0
Crewmate,Loss,2,No,No,-,06m 44s,No,0
Crewmate,Loss,3,No,Yes,-,13m 08s,No,1
Imposter,Win,-,-,-,1,06m 38s,No,
Crewmate,Loss,6,No,Yes,-,13m 20s,No,0
Crewmate,Win,3,No,No,-,14m 13s,No,1
Crewmate,Win,7,Yes,No,-,13m 59s,No,0
Crewmate,Loss,4,No,Yes,-,15m 01s,No,0
Crewmate,Win,7,Yes,Yes,-,19m 43s,No,0
Imposter,Win,-,-,-,2,09m 04s,No,
Crewmate,Win,7,Yes,Yes,-,14m 45s,No,0
Crewmate,Win,5,No,Yes,-,12m 35s,No,0
Crewmate,Win,8,Yes,No,-,18m 53s,No,0
Crewmate,Win,3,No,No,-,04m 30s,No,1
Crewmate,Win,3,No,No,-,13m 47s,No,1
Imposter,Win,-,-,-,1,07m 49s,No,
Imposter,Win,-,-,-,3,10m 30s,No,
Imposter,Win,-,-,-,2,15m 43s,No,
Crewmate,Loss,8,Yes,Yes,-,13m 45s,No,0
Crewmate,Win,4,No,Yes,-,13m 33s,No,0
Crewmate,Loss,6,No,Yes,-,07m 59s,No,0
Imposter,Win,-,-,-,4,15m 55s,No,
Crewmate,Loss,3,No,No,-,10m 34s,No,1
Crewmate,Win,4,No,No,-,16m 45s,No,0
Crewmate,Win,4,No,Yes,-,08m 36s,No,0
Crewmate,Loss,5,No,Yes,-,07m 41s,No,0
Imposter,Win,-,-,-,3,09m 01s,No,
Crewmate,Loss,8,Yes,No,-,16m 38s,No,0
Crewmate,Loss,8,Yes,Yes,-,22m 40s,No,0
Crewmate,Loss,8,Yes,Yes,-,11m 31s,No,0
Imposter,Win,-,-,-,3,12m 05s,No,
Crewmate,Win,0,No,Yes,-,04m 51s,No,0
Crewmate,Loss,9,Yes,Yes,-,18m 57s,No,1
Imposter,Win,-,-,-,1,08m 08s,No,
Imposter,Win,-,-,-,4,16m 45s,No,
Crewmate,Win,7,Yes,Yes,-,24m 39s,No,0
Crewmate,Win,4,No,Yes,-,04m 39s,No,0
Crewmate,Win,7,Yes,No,-,28m 42s,No,1
Crewmate,Loss,7,Yes,Yes,-,14m 21s,No,0
Crewmate,Win,5,No,Yes,-,12m 08s,No,1
Crewmate,Loss,3,No,No,-,10m 34s,No,2
Crewmate,Loss,5,No,Yes,-,18m 13s,No,0
Imposter,Win,-,-,-,2,13m 03s,No,
Crewmate,Win,7,Yes,Yes,-,19m 40s,No,0
Crewmate,Win,5,No,No,-,12m 06s,No,1
Crewmate,Loss,7,Yes,Yes,-,10m 25s,No,0
Crewmate,Win,6,No,Yes,-,09m 43s,No,0
Crewmate,Loss,3,No,Yes,-,04m 23s,No,0
Crewmate,Loss,5,No,Yes,-,14m 03s,No,0
Imposter,Win,-,-,-,3,09m 05s,No,
Imposter,Loss,-,-,-,3,11m 11s,No,
Crewmate,Loss,4,No,Yes,-,07m 51s,No,0
Crewmate,Win,2,No,No,-,06m 02s,No,1
Crewmate,Win,1,No,No,-,13m 18s,No,0
Crewmate,Win,1,No,No,-,10m 06s,No,1
Crewmate,Win,1,No,No,-,05m 02s,No,0
Crewmate,Loss,2,No,No,-,03m 45s,Yes,0
Crewmate,Win,2,No,No,-,06m 37s,No,2
Crewmate,Win,5,No,Yes,-,04m 37s,No,0
Crewmate,Win,8,Yes,Yes,-,11m 38s,No,1
Crewmate,Win,8,Yes,No,-,14m 11s,No,0
Crewmate,Win,8,Yes,Yes,-,11m 35s,No,0
Crewmate,Loss,8,Yes,Yes,-,07m 21s,No,0
Crewmate,Win,6,No,No,-,16m 17s,No,0
Crewmate,Loss,5,No,Yes,-,13m 02s,No,4
Crewmate,Loss,5,No,Yes,-,12m 35s,No,0
Crewmate,Win,4,No,No,-,10m 13s,No,0
Imposter,Win,-,-,-,2,04m 13s,No,
Crewmate,Win,2,No,No,-,08m 11s,No,0
Crewmate,Win,9,Yes,Yes,-,17m 56s,No,0
Crewmate,Win,1,No,No,-,05m 12s,No,0
Crewmate,Win,2,No,Yes,-,11m 43s,No,0
Crewmate,Win,9,Yes,Yes,-,10m 54s,No,0
Crewmate,Loss,5,No,No,-,18m 07s,No,0
Crewmate,Win,9,Yes,No,-,12m 19s,No,0
Crewmate,Win,0,No,Yes,-,02m 39s,No,0
Crewmate,Win,1,No,No,-,00m 22s,No,1
Crewmate,Loss,0,No,Yes,-,02m 00s,No,0
Crewmate,Win,4,No,Yes,-,09m 20s,No,0
Imposter,Win,-,-,-,3,02m 37s,No,
Crewmate,Loss,2,No,No,-,02m 00s,No,0
Crewmate,Win,1,No,No,-,04m 33s,No,2
Crewmate,Win,4,No,No,-,04m 08s,No,0
Crewmate,Loss,0,No,No,-,00m 15s,No,0
Imposter,Win,-,-,-,1,01m 06s,No,
Crewmate,Loss,1,No,No,-,01m 11s,No,0
Crewmate,Loss,1,No,No,-,00m 22s,No,0
Crewmate,Win,0,No,No,-,01m 30s,No,0
Crewmate,Win,0,No,No,-,01m 40s,No,0
Crewmate,Win,8,No,No,-,14m 23s,No,0
Crewmate,Loss,6,No,Yes,-,13m 18s,No,0
Crewmate,Win,6,No,No,-,13m 52s,No,2
Crewmate,Loss,7,No,Yes,-,12m 34s,No,0
Crewmate,Loss,9,Yes,No,-,14m 01s,No,2
Crewmate,Loss,4,No,Yes,-,07m 41s,No,0
Crewmate,Win,9,Yes,Yes,-,13m 58s,No,0
Crewmate,Win,6,Yes,No,-,09m 06s,Yes,0
Crewmate,Loss,2,No,Yes,-,01m 01s,No,0
Imposter,Win,-,-,-,1,03m 01s,No,
Imposter,Loss,-,-,-,0,01m 50s,Yes,
Crewmate,Win,1,No,No,-,02m 20s,No,0
Crewmate,Loss,1,No,No,-,02m 21s,No,1
Imposter,Win,-,-,-,1,00m 31s,No,
Crewmate,Loss,0,No,No,-,06m 56s,No,0
Imposter,Win,-,-,-,2,03m 25s,No,
Crewmate,Loss,2,No,No,-,03m 41s,No,0
Crewmate,Loss,0,No,Yes,-,03m 47s,No,0
Imposter,Win,-,-,-,3,05m 24s,No,
Crewmate,Loss,3,No,Yes,-,03m 29s,No,0
Imposter,Win,-,-,-,1,01m 59s,No,
Crewmate,Loss,1,No,No,-,06m 55s,Yes,1
Crewmate,Loss,2,No,No,-,01m 59s,No,0
Crewmate,Loss,1,No,Yes,-,01m 38s,No,0
Crewmate,Win,2,No,Yes,-,05m 55s,No,0
Crewmate,Win,1,No,No,-,03m 03s,No,1
Crewmate,Win,2,No,No,-,06m 19s,No,0
Crewmate,Win,8,Yes,Yes,-,21m 27s,No,0
Crewmate,Loss,4,No,Yes,-,11m 10s,No,0
Crewmate,Win,8,Yes,No,-,12m 23s,No,2
Crewmate,Loss,6,Yes,Yes,-,02m 56s,No,0
Crewmate,Win,3,No,No,-,02m 41s,No,0
Imposter,Win,-,-,-,2,10m 24s,No,
Crewmate,Win,1,No,No,-,01m 56s,No,0
Imposter,Win,-,-,-,2,07m 31s,No,
Imposter,Win,-,-,-,3,06m 57s,No,
Imposter,Loss,-,-,-,1,02m 47s,Yes,
Crewmate,Win,5,No,Yes,-,03m 11s,No,1
Crewmate,Win,0,No,No,-,01m 15s,No,0
Imposter,Win,-,-,-,1,02m 31s,No,
Crewmate,Win,0,No,No,-,00m 14s,No,0
Crewmate,Win,2,No,No,-,03m 40s,No,1
Crewmate,Loss,6,No,Yes,-,09m 06s,No,1
Crewmate,Loss,3,No,Yes,-,01m 48s,No,0
Crewmate,Win,2,No,No,-,00m 35s,No,0
Crewmate,Win,8,Yes,No,-,09m 38s,Yes,0
Crewmate,Win,8,Yes,Yes,-,08m 56s,No,0
Crewmate,Win,8,Yes,No,-,09m 56s,No,0
Imposter,Win,-,-,-,1,04m 47s,No,
Crewmate,Win,4,No,No,-,03m 42s,No,0
Imposter,Win,-,-,-,1,10m 19s,No,
Imposter,Loss,-,-,-,0,07m 43s,Yes,
Crewmate,Win,6,No,No,-,12m 12s,No,1
Crewmate,Loss,1,No,No,-,05m 11s,No,0
Imposter,Loss,-,-,-,3,14m 13s,No,
Crewmate,Win,1,No,No,-,05m 18s,No,0
Crewmate,Win,2,No,No,-,15m 08s,No,1
Imposter,Win,-,-,-,5,12m 09s,No,
Crewmate,Loss,5,No,Yes,-,09m 31s,No,1
Crewmate,Loss,3,No,No,-,08m 49s,No,0
Crewmate,Loss,5,No,Yes,-,09m 12s,No,1
Crewmate,Loss,3,No,No,-,08m 25s,No,0
Crewmate,Loss,8,Yes,No,-,09m 19s,No,0
Crewmate,Loss,8,Yes,Yes,-,11m 21s,No,0
Crewmate,Win,1,No,No,-,04m 40s,No,0
Crewmate,Loss,5,No,No,-,08m 55s,No,2
Crewmate,Loss,2,No,Yes,-,12m 51s,No,0
Crewmate,Win,3,No,Yes,-,13m 47s,No,0
Crewmate,Win,1,No,Yes,-,04m 28s,No,1
Imposter,Loss,-,-,-,1,09m 35s,No,
Crewmate,Loss,7,No,Yes,-,11m 00s,No,0
Crewmate,Loss,3,No,Yes,-,13m 16s,No,0
Crewmate,Loss,0,No,Yes,-,03m 58s,No,0
Crewmate,Loss,3,No,Yes,-,06m 24s,No,2
Crewmate,Loss,8,Yes,No,-,11m 08s,No,0
Crewmate,Win,5,No,No,-,07m 39s,No,0
Crewmate,Loss,2,No,Yes,-,08m 26s,No,0
Crewmate,Loss,0,No,Yes,-,03m 43s,No,0
Crewmate,Win,4,No,Yes,-,05m 29s,No,1
Imposter,Loss,-,-,-,1,11m 03s,No,
Imposter,Loss,-,-,-,1,11m 02s,No,
Crewmate,Loss,2,No,No,-,05m 48s,No,1
Crewmate,Loss,7,No,Yes,-,06m 32s,No,0
Crewmate,Win,8,Yes,No,-,21m 56s,No,0
Crewmate,Win,6,No,No,-,15m 43s,No,1
Crewmate,Win,8,Yes,Yes,-,22m 34s,No,0
Crewmate,Win,4,No,No,-,15m 51s,No,1
Crewmate,Loss,5,No,No,-,09m 55s,No,2
Crewmate,Win,2,No,No,-,15m 21s,No,0
Imposter,Loss,-,-,-,1,04m 55s,No,
Crewmate,Loss,5,No,Yes,-,13m 41s,No,0
Imposter,Loss,-,-,-,2,16m 29s,No,
Crewmate,Loss,8,Yes,Yes,-,16m 57s,No,0
Crewmate,Loss,2,No,No,-,13m 21s,Yes,1
Crewmate,Win,4,No,Yes,-,07m 19s,No,0
Imposter,Loss,-,-,-,2,07m 06s,Yes,
Crewmate,Loss,6,No,Yes,-,09m 00s,No,0
Crewmate,Loss,8,Yes,No,-,08m 50s,No,0
Imposter,Loss,-,-,-,1,15m 42s,No,
Crewmate,Win,7,No,Yes,-,14m 19s,No,0
Crewmate,Loss,2,No,Yes,-,02m 55s,No,0
Crewmate,Win,5,No,Yes,-,07m 48s,No,2
Crewmate,Win,3,No,Yes,-,03m 58s,No,0
Crewmate,Win,6,Yes,No,-,06m 20s,No,0
Crewmate,Loss,3,No,No,-,05m 52s,Yes,0
Crewmate,Win,7,Yes,No,-,11m 04s,No,1
Crewmate,Win,4,No,No,-,07m 41s,No,2
Crewmate,Win,5,Yes,No,-,07m 56s,No,2
Crewmate,Win,0,No,No,-,01m 14s,No,0
Crewmate,Win,1,No,No,-,01m 34s,No,1
Imposter,Loss,-,-,-,2,01m 51s,Yes,
Crewmate,Win,1,No,Yes,-,01m 55s,No,0
Crewmate,Loss,4,No,Yes,-,05m 05s,No,2
Crewmate,Loss,3,No,Yes,-,04m 30s,No,1
Imposter,Win,-,-,-,3,09m 19s,No,
Crewmate,Win,3,No,No,-,04m 40s,No,0
Crewmate,Loss,3,No,No,-,02m 22s,No,0
Crewmate,Win,7,Yes,Yes,-,09m 26s,No,0
Imposter,Win,-,-,-,2,14m 00s,No,
Crewmate,Loss,4,No,Yes,-,09m 10s,No,0
Crewmate,Win,7,Yes,No,-,13m 25s,No,0
Crewmate,Win,5,No,No,-,07m 40s,No,1
Crewmate,Loss,7,No,No,-,10m 19s,No,0
Crewmate,Win,5,No,Yes,-,16m 58s,No,1
Imposter,Loss,-,-,-,2,09m 25s,No,
Crewmate,Win,8,Yes,Yes,-,16m 25s,No,0
Crewmate,Win,1,No,Yes,-,12m 16s,No,0
Crewmate,Win,8,Yes,No,-,16m 09s,No,0
Crewmate,Loss,8,Yes,Yes,-,12m 47s,No,0
Crewmate,Loss,8,Yes,No,-,14m 46s,No,0
Crewmate,Win,1,No,Yes,-,11m 14s,No,0
Crewmate,Loss,7,No,No,-,12m 54s,No,0
Crewmate,Loss,7,Yes,Yes,-,18m 42s,No,0
Crewmate,Win,7,Yes,Yes,-,17m 56s,No,0
Crewmate,Win,6,No,No,-,09m 35s,No,1
Crewmate,Win,7,Yes,Yes,-,13m 03s,No,0
Crewmate,Win,5,No,Yes,-,08m 39s,No,0
Crewmate,Win,5,No,No,-,07m 44s,No,0
Imposter,Loss,-,-,-,3,12m 12s,No,
Crewmate,Win,8,Yes,No,-,13m 25s,No,0
Crewmate,Win,7,No,No,-,11m 41s,No,0
Imposter,Loss,-,-,-,2,17m 12s,No,
Crewmate,Win,8,Yes,Yes,-,15m 23s,No,0
Crewmate,Loss,0,No,Yes,-,00m 39s,No,0
Imposter,Win,-,-,-,2,08m 54s,No,
Imposter,Win,-,-,-,3,12m 17s,No,
Crewmate,Loss,5,No,Yes,-,09m 49s,No,0
Crewmate,Win,7,Yes,No,-,15m 05s,No,1
Crewmate,Loss,7,Yes,No,-,11m 07s,No,0
Imposter,Loss,-,-,-,3,11m 46s,No,
Crewmate,Win,2,No,No,-,03m 02s,No,0
Crewmate,Win,4,No,No,-,15m 24s,No,0
Crewmate,Win,7,No,Yes,-,14m 40s,No,1
Crewmate,Win,5,No,No,-,04m 40s,No,0
Crewmate,Win,8,Yes,Yes,-,15m 54s,No,0
Crewmate,Win,8,Yes,Yes,-,20m 27s,No,0
Crewmate,Win,7,Yes,Yes,-,12m 28s,No,1
Crewmate,Win,6,Yes,Yes,-,11m 04s,No,0
Imposter,Win,-,-,-,4,07m 17s,No,
Imposter,Loss,-,-,-,1,12m 16s,Yes,
Crewmate,Loss,5,No,No,-,13m 39s,No,2
Crewmate,Loss,5,No,No,-,13m 40s,No,2
Crewmate,Loss,8,Yes,Yes,-,13m 01s,No,0
Crewmate,Loss,8,Yes,Yes,-,13m 01s,No,0
Imposter,Loss,-,-,-,3,12m 00s,No,
Imposter,Loss,-,-,-,3,12m 00s,No,
Crewmate,Win,7,Yes,Yes,-,06m 34s,No,0
Crewmate,Win,7,Yes,Yes,-,06m 34s,No,0
Crewmate,Win,7,Yes,Yes,-,10m 39s,No,1
Crewmate,Win,7,Yes,Yes,-,10m 38s,No,1
Crewmate,Loss,7,Yes,No,-,21m 46s,No,3
Crewmate,Loss,7,Yes,No,-,21m 45s,No,3
Imposter,Loss,-,-,-,2,09m 56s,No,
Imposter,Loss,-,-,-,2,09m 56s,No,
Crewmate,Win,6,No,No,-,08m 00s,No,0
Crewmate,Win,6,No,No,-,08m 00s,No,0
Crewmate,Loss,7,Yes,Yes,-,14m 34s,No,0
Crewmate,Loss,7,Yes,Yes,-,14m 34s,No,0
Crewmate,Loss,5,No,Yes,-,06m 46s,No,0
Crewmate,Loss,5,No,Yes,-,06m 45s,No,0
Crewmate,Win,3,No,No,-,01m 59s,No,0
Crewmate,Win,3,No,No,-,02m 00s,No,0
Crewmate,Win,7,Yes,Yes,-,12m 21s,No,1
Crewmate,Win,7,Yes,Yes,-,12m 22s,No,1
Imposter,Win,-,-,-,2,07m 29s,No,
Imposter,Win,-,-,-,2,07m 29s,No,
Crewmate,Win,7,Yes,Yes,-,15m 43s,No,0
Crewmate,Win,7,Yes,Yes,-,15m 43s,No,0
Crewmate,Win,7,Yes,No,-,08m 49s,No,0
Crewmate,Win,5,No,No,-,05m 48s,No,0
Imposter,Loss,-,-,-,2,04m 09s,No,
Crewmate,Win,3,No,Yes,-,03m 02s,No,0
Crewmate,Win,2,No,Yes,-,00m 31s,No,0
Crewmate,Loss,5,No,No,-,07m 55s,No,1
Crewmate,Loss,1,No,No,-,04m 01s,No,0
Crewmate,Loss,1,No,Yes,-,01m 52s,No,0
Crewmate,Win,2,No,No,-,03m 32s,No,0
Crewmate,Loss,4,No,Yes,-,06m 25s,No,0
Imposter,Win,-,-,-,2,05m 18s,No,
Imposter,Loss,-,-,-,1,04m 41s,No,
Imposter,Win,-,-,-,1,00m 39s,No,
Crewmate,Win,2,No,Yes,-,01m 57s,No,0
Imposter,Win,-,-,-,1,00m 30s,No,
Crewmate,Loss,4,No,No,-,03m 26s,No,0
Crewmate,Loss,3,No,No,-,04m 28s,Yes,0
Crewmate,Loss,4,No,Yes,-,04m 02s,No,0
Crewmate,Loss,0,No,No,-,02m 27s,No,0
Crewmate,Loss,4,No,Yes,-,05m 57s,No,0
Crewmate,Loss,1,No,No,-,02m 41s,No,0
Crewmate,Win,4,No,No,-,07m 21s,No,0
Crewmate,Win,2,No,No,-,04m 42s,No,0
Crewmate,Loss,0,No,No,-,02m 12s,No,1
Crewmate,Win,3,No,No,-,07m 36s,No,1
Crewmate,Win,4,No,No,-,07m 39s,No,2
Crewmate,Win,3,No,No,-,02m 52s,Yes,0
Crewmate,Loss,4,No,No,-,10m 45s,No,1
Imposter,Win,-,-,-,1,01m 51s,No,
Crewmate,Loss,1,No,No,-,03m 34s,No,0
Imposter,Win,-,-,-,1,03m 02s,No,
Crewmate,Win,1,No,No,-,03m 23s,No,0
Crewmate,Loss,0,No,No,-,02m 18s,No,0
Crewmate,Loss,2,No,Yes,-,04m 45s,No,0
Crewmate,Loss,1,No,No,-,03m 23s,Yes,1
Imposter,Win,-,-,-,2,01m 50s,No,
Crewmate,Loss,0,No,Yes,-,00m 35s,No,0
Crewmate,Loss,1,No,Yes,-,03m 26s,No,0
Imposter,Win,-,-,-,2,02m 10s,No,
Imposter,Win,-,-,-,2,02m 23s,No,
Crewmate,Loss,1,No,Yes,-,00m 46s,No,0
Crewmate,Loss,1,No,Yes,-,03m 00s,No,1
Crewmate,Loss,5,Yes,Yes,-,04m 54s,No,1
Crewmate,Win,0,No,Yes,-,01m 58s,No,0
Imposter,Loss,-,-,-,1,01m 07s,No,
Crewmate,Loss,5,Yes,Yes,-,08m 14s,No,0
Crewmate,Win,1,No,No,-,02m 01s,No,0
Imposter,Loss,-,-,-,1,01m 41s,No,
Crewmate,Loss,0,No,No,-,02m 38s,No,1
Imposter,Win,-,-,-,0,04m 57s,No,
Crewmate,Loss,3,No,Yes,-,03m 02s,No,0
Crewmate,Loss,1,No,Yes,-,01m 40s,No,0
Crewmate,Loss,4,No,Yes,-,07m 41s,No,2
Imposter,Loss,-,-,-,1,04m 36s,No,
Crewmate,Win,4,No,Yes,-,05m 22s,No,1
Crewmate,Win,4,No,No,-,07m 14s,No,0
Crewmate,Win,4,No,No,-,03m 23s,No,2
Crewmate,Win,4,No,Yes,-,06m 35s,No,0
Imposter,Loss,-,-,-,3,06m 59s,No,
Crewmate,Win,6,Yes,Yes,-,08m 16s,No,0
Crewmate,Loss,2,No,Yes,-,07m 10s,No,0
Crewmate,Win,6,Yes,No,-,07m 09s,No,0
Crewmate,Loss,5,Yes,Yes,-,11m 05s,No,0
Imposter,Loss,-,-,-,3,06m 26s,Yes,
Crewmate,Loss,5,Yes,Yes,-,04m 45s,No,0
Crewmate,Win,1,No,No,-,02m 06s,No,0
Crewmate,Loss,8,Yes,No,-,09m 36s,Yes,0
Imposter,Loss,-,-,-,1,11m 25s,Yes,
Crewmate,Loss,4,No,No,-,09m 34s,Yes,0
Crewmate,Win,6,No,Yes,-,07m 30s,No,0
Crewmate,Loss,5,No,Yes,-,20m 22s,No,3
Imposter,Win,-,-,-,2,16m 19s,Yes,
Imposter,Loss,-,-,-,1,07m 34s,No,
Crewmate,Win,7,No,No,-,10m 52s,No,1
Crewmate,Loss,8,Yes,Yes,-,11m 20s,No,1
Crewmate,Win,8,Yes,Yes,-,25m 28s,No,0
Crewmate,Loss,7,Yes,Yes,-,09m 07s,No,0
Crewmate,Win,7,Yes,Yes,-,09m 30s,No,0
Crewmate,Loss,7,Yes,No,-,11m 40s,No,0
Crewmate,Win,7,Yes,No,-,12m 44s,No,1
Crewmate,Win,6,No,No,-,12m 58s,No,1
Crewmate,Win,6,No,No,-,07m 03s,No,0
Crewmate,Loss,5,No,Yes,-,11m 06s,No,0
Crewmate,Loss,2,No,No,-,09m 56s,No,1
Crewmate,Win,3,No,No,-,03m 02s,No,0
Crewmate,Win,4,No,No,-,12m 21s,No,1
Crewmate,Loss,3,No,Yes,-,08m 38s,No,2
Crewmate,Win,7,Yes,Yes,-,11m 08s,No,1
Crewmate,Loss,7,Yes,Yes,-,14m 25s,No,0
Crewmate,Win,7,Yes,No,-,16m 13s,No,0
Crewmate,Loss,7,Yes,Yes,-,15m 51s,No,1
Crewmate,Win,7,Yes,No,-,11m 33s,No,1
Crewmate,Loss,6,No,No,-,08m 07s,No,0
Crewmate,Win,7,Yes,No,-,16m 48s,No,1
Imposter,Win,-,-,-,1,03m 56s,No,
Imposter,Win,-,-,-,2,09m 15s,No,
Crewmate,Loss,5,No,Yes,-,04m 57s,No,0
Imposter,Loss,-,-,-,2,15m 39s,No,
Crewmate,Win,7,Yes,No,-,09m 00s,No,3
Imposter,Win,-,-,-,1,07m 25s,No,
Crewmate,Loss,7,Yes,Yes,-,07m 31s,No,0
Crewmate,Loss,5,No,No,-,10m 29s,No,1
Crewmate,Loss,1,No,No,-,02m 44s,No,0
Crewmate,Win,7,Yes,Yes,-,20m 59s,No,1
Crewmate,Loss,2,No,No,-,04m 38s,No,0
Imposter,Loss,-,-,-,2,18m 26s,No,
Crewmate,Loss,5,No,No,-,14m 30s,No,0
Crewmate,Win,7,Yes,Yes,-,16m 16s,No,0
Crewmate,Win,4,No,No,-,05m 04s,No,0
Crewmate,Win,2,No,No,-,05m 59s,No,0
Crewmate,Win,7,Yes,No,-,09m 25s,No,0
Imposter,Win,-,-,-,2,00m 50s,No,
Crewmate,Win,3,No,No,-,04m 41s,No,0
Crewmate,Loss,4,No,Yes,-,05m 14s,No,0
Crewmate,Win,5,Yes,No,-,10m 34s,No,0
Crewmate,Win,5,No,Yes,-,06m 11s,No,0
Crewmate,Win,8,Yes,No,-,09m 48s,No,0
Crewmate,Win,3,No,No,-,10m 41s,No,0
Crewmate,Win,7,No,No,-,09m 46s,No,0
Crewmate,Win,8,Yes,No,-,21m 39s,No,1
Crewmate,Win,5,No,No,-,14m 17s,No,2
Crewmate,Loss,5,No,Yes,-,11m 35s,No,1
Crewmate,Win,8,Yes,Yes,-,18m 32s,No,2
Crewmate,Win,8,Yes,Yes,-,18m 44s,No,0
Imposter,Win,-,-,-,3,17m 42s,No,
Imposter,Win,-,-,-,1,14m 38s,No,
Crewmate,Loss,5,No,Yes,-,08m 18s,No,0
Imposter,Loss,-,-,-,1,20m 36s,No,
Crewmate,Win,4,No,No,-,07m 11s,No,0
Crewmate,Win,7,Yes,Yes,-,07m 39s,No,0
Crewmate,Win,6,No,Yes,-,14m 16s,No,0
Crewmate,Loss,4,No,Yes,-,08m 31s,No,0
Imposter,Loss,-,-,-,4,11m 53s,No,
Crewmate,Win,6,Yes,No,-,06m 26s,No,1
Imposter,Loss,-,-,-,1,01m 31s,Yes,
Crewmate,Loss,2,No,No,-,05m 11s,No,0
Crewmate,Loss,6,Yes,No,-,11m 34s,No,0
Imposter,Loss,-,-,-,2,24m 07s,No,
Imposter,Win,-,-,-,1,02m 15s,No,
Crewmate,Loss,8,Yes,Yes,-,13m 22s,No,0
Crewmate,Win,8,Yes,Yes,-,16m 16s,No,0
Imposter,Loss,-,-,-,0,15m 10s,No,
Imposter,Loss,-,-,-,2,09m 39s,No,
Crewmate,Win,3,No,No,-,05m 39s,No,0
Crewmate,Loss,5,No,No,-,10m 31s,No,0
Crewmate,Loss,1,No,No,-,13m 31s,No,0
Crewmate,Loss,1,No,Yes,-,15m 39s,No,0
Crewmate,Win,0,No,No,-,04m 17s,No,0
Crewmate,Win,2,No,No,-,08m 22s,No,0
Imposter,Loss,-,-,-,2,08m 40s,No,
Crewmate,Loss,1,No,Yes,-,08m 43s,No,0
Imposter,Loss,-,-,-,1,06m 49s,No,
Crewmate,Loss,0,No,Yes,-,08m 40s,No,0
Crewmate,Win,6,No,No,-,13m 13s,No,0
Crewmate,Loss,4,No,No,-,08m 31s,No,0
Crewmate,Win,0,No,No,-,00m 20s,No,0
Crewmate,Loss,7,Yes,Yes,-,18m 06s,No,1
Crewmate,Loss,4,No,No,-,14m 34s,No,2
Crewmate,Win,8,Yes,No,-,10m 48s,No,0
Imposter,Win,-,-,-,3,08m 34s,No,
Imposter,Loss,-,-,-,1,12m 15s,No,
Imposter,Loss,-,-,-,3,18m 50s,No,
Crewmate,Loss,7,Yes,Yes,-,15m 09s,No,0
Crewmate,Loss,7,Yes,No,-,14m 25s,No,0
Crewmate,Win,6,No,No,-,18m 11s,No,1
Crewmate,Loss,5,No,Yes,-,19m 29s,No,1
Crewmate,Win,5,No,Yes,-,11m 44s,No,0
Crewmate,Win,5,No,No,-,08m 24s,No,0
Crewmate,Win,6,No,No,-,11m 02s,No,0
Crewmate,Loss,7,Yes,No,-,13m 47s,No,3
Crewmate,Win,7,Yes,No,-,19m 53s,Yes,1
Crewmate,Win,7,Yes,No,-,13m 59s,No,1
Crewmate,Win,5,No,No,-,25m 40s,No,0
Imposter,Loss,-,-,-,4,13m 51s,Yes,
Crewmate,Win,2,No,No,-,08m 58s,No,1
Crewmate,Win,7,Yes,No,-,18m 34s,No,0
Crewmate,Loss,7,Yes,No,-,13m 54s,No,0
Crewmate,Loss,5,No,Yes,-,16m 57s,No,0
Crewmate,Win,7,Yes,No,-,19m 54s,No,1
Crewmate,Win,7,Yes,No,-,14m 53s,No,2
Crewmate,Win,7,Yes,Yes,-,14m 46s,No,1
Crewmate,Win,6,No,Yes,-,17m 26s,No,2
Crewmate,Loss,6,No,Yes,-,12m 08s,No,1
Imposter,Win,-,-,-,4,13m 31s,No,
Crewmate,Loss,1,No,No,-,06m 31s,No,0
Crewmate,Win,0,No,No,-,04m 02s,No,0
Crewmate,Win,1,No,Yes,-,03m 17s,No,0
Crewmate,Loss,6,Yes,Yes,-,12m 21s,No,1
Crewmate,Win,0,No,Yes,-,08m 39s,No,0
Crewmate,Loss,6,Yes,Yes,-,13m 43s,No,0
Crewmate,Loss,4,No,No,-,11m 00s,Yes,0
Crewmate,Loss,0,No,No,-,03m 24s,No,1
Imposter,Win,-,-,-,1,21m 42s,No,
Imposter,Loss,-,-,-,2,18m 18s,Yes,
Crewmate,Loss,6,No,Yes,-,15m 15s,No,1
Crewmate,Loss,1,No,Yes,-,12m 46s,No,0
Imposter,Loss,-,-,-,2,16m 00s,Yes,
Crewmate,Win,7,Yes,No,-,13m 18s,No,0
Crewmate,Win,7,No,No,-,08m 38s,No,0
Crewmate,Loss,1,No,Yes,-,10m 29s,No,0
Crewmate,Win,7,No,Yes,-,06m 44s,No,0
Crewmate,Win,8,Yes,Yes,-,08m 50s,No,1
Crewmate,Loss,2,No,Yes,-,05m 58s,No,1
Crewmate,Win,8,Yes,No,-,15m 47s,No,0
Crewmate,Win,7,No,No,-,10m 59s,No,0
Imposter,Loss,-,-,-,4,19m 34s,No,
Crewmate,Loss,2,No,Yes,-,19m 38s,No,0
Crewmate,Loss,3,No,Yes,-,11m 20s,No,0
Crewmate,Win,8,Yes,Yes,-,07m 22s,No,0
Crewmate,Win,4,No,Yes,-,05m 42s,No,0
Crewmate,Win,7,Yes,No,-,16m 36s,No,0
Imposter,Win,-,-,-,3,10m 40s,No,
Crewmate,Win,3,No,No,-,11m 03s,No,2
Crewmate,Loss,5,No,No,-,21m 55s,No,0
Crewmate,Loss,6,No,No,-,11m 46s,No,0
Imposter,Win,-,-,-,1,09m 31s,No,
Crewmate,Loss,7,Yes,No,-,15m 00s,No,0
Crewmate,Loss,7,No,No,-,15m 27s,No,1
Crewmate,Loss,7,No,Yes,-,24m 24s,No,0
Crewmate,Win,4,No,No,-,16m 03s,No,2
Crewmate,Loss,5,No,No,-,11m 28s,No,1
Crewmate,Loss,1,No,No,-,07m 36s,No,0
Crewmate,Win,4,No,No,-,06m 35s,No,0
Crewmate,Win,5,No,No,-,16m 13s,No,1
Crewmate,Win,5,No,Yes,-,19m 48s,No,0
Imposter,Win,-,-,-,2,11m 25s,No,
Imposter,Win,-,-,-,4,13m 20s,No,
Crewmate,Loss,3,No,No,-,11m 31s,No,1
Imposter,Win,-,-,-,1,06m 17s,No,
Crewmate,Loss,5,No,Yes,-,12m 00s,No,0
Crewmate,Loss,5,No,Yes,-,11m 18s,No,1
Crewmate,Win,1,No,No,-,12m 22s,No,0
Crewmate,Loss,7,Yes,Yes,-,14m 44s,No,0
Crewmate,Win,3,No,Yes,-,11m 56s,No,3
Crewmate,Win,6,No,No,-,12m 15s,No,1
Imposter,Win,-,-,-,4,11m 09s,No,
Crewmate,Win,7,Yes,No,-,16m 37s,No,0
Imposter,Loss,-,-,-,2,20m 34s,Yes,
Crewmate,Loss,7,Yes,Yes,-,25m 29s,No,0
Crewmate,Win,2,No,Yes,-,10m 35s,No,1
Crewmate,Loss,5,No,Yes,-,07m 55s,No,1
Imposter,Win,-,-,-,4,14m 12s,No,
Imposter,Win,-,-,-,2,09m 54s,No,
Crewmate,Win,3,No,Yes,-,11m 03s,No,0
Crewmate,Loss,6,Yes,No,-,20m 49s,Yes,1
Crewmate,Loss,8,Yes,Yes,-,17m 23s,No,0
Crewmate,Win,8,Yes,No,-,17m 05s,No,1
Crewmate,Loss,3,No,No,-,09m 16s,No,0
Crewmate,Win,8,Yes,No,-,12m 15s,No,0
Imposter,Win,-,-,-,2,07m 45s,No,
Crewmate,Loss,7,No,Yes,-,18m 29s,No,0
Crewmate,Win,8,Yes,No,-,10m 35s,Yes,0
Crewmate,Win,8,Yes,No,-,13m 56s,No,1
Imposter,Loss,-,-,-,1,04m 50s,Yes,
Crewmate,Win,8,Yes,No,-,12m 37s,No,2
Crewmate,Win,7,Yes,No,-,12m 54s,No,2
Imposter,Win,-,-,-,1,08m 08s,No,
Crewmate,Loss,4,No,No,-,09m 30s,No,3
Imposter,Win,-,-,-,2,11m 58s,No,
Crewmate,Win,7,Yes,No,-,24m 10s,No,1
Imposter,Loss,-,-,-,1,15m 20s,Yes,
Crewmate,Win,2,No,Yes,-,05m 40s,No,0
Crewmate,Win,4,No,No,-,07m 07s,No,0
Crewmate,Win,4,No,Yes,-,05m 00s,No,0
Crewmate,Win,7,Yes,Yes,-,24m 31s,No,1
Crewmate,Win,7,Yes,Yes,-,16m 27s,No,2
Crewmate,Win,6,No,No,-,07m 00s,No,0
Crewmate,Loss,7,Yes,Yes,-,14m 26s,No,0
Crewmate,Win,8,Yes,Yes,-,12m 15s,No,0
Crewmate,Win,8,Yes,Yes,-,13m 28s,No,0
Imposter,Win,-,-,-,2,07m 50s,No,
Crewmate,Loss,8,Yes,Yes,-,12m 01s,No,0
Crewmate,Loss,7,No,No,-,06m 09s,No,0
Crewmate,Loss,6,No,Yes,-,10m 36s,No,0
Imposter,Win,-,-,-,1,16m 14s,No,
Crewmate,Win,8,Yes,No,-,17m 29s,No,0
Crewmate,Win,8,Yes,Yes,-,13m 32s,No,2
Crewmate,Loss,8,Yes,No,-,18m 01s,No,0
Crewmate,Loss,8,Yes,Yes,-,10m 29s,No,2
Crewmate,Win,8,Yes,No,-,09m 28s,No,0
Crewmate,Win,4,No,No,-,05m 53s,No,0
Crewmate,Loss,5,Yes,No,-,09m 05s,No,0
Crewmate,Loss,8,No,Yes,-,09m 35s,No,2
Crewmate,Win,9,Yes,Yes,-,09m 16s,No,0
Crewmate,Loss,9,Yes,Yes,-,05m 22s,No,1
Crewmate,Loss,8,Yes,Yes,-,02m 42s,No,0
Crewmate,Win,0,No,No,-,01m 19s,No,0
Crewmate,Win,0,No,No,-,00m 49s,No,0
Crewmate,Win,8,Yes,No,-,10m 09s,No,1
Crewmate,Win,2,No,Yes,-,02m 59s,No,0
Crewmate,Loss,9,Yes,Yes,-,11m 14s,No,0
Crewmate,Loss,7,No,No,-,06m 57s,No,0
Crewmate,Win,9,Yes,Yes,-,06m 36s,No,0
Imposter,Win,-,-,-,2,06m 18s,No,
Crewmate,Loss,8,Yes,Yes,-,10m 45s,No,2
Crewmate,Win,4,No,Yes,-,04m 57s,No,0
Crewmate,Win,6,Yes,Yes,-,08m 14s,No,0
Crewmate,Win,9,Yes,No,-,12m 05s,No,0
Imposter,Loss,-,-,-,3,10m 35s,Yes,
Crewmate,Loss,7,No,Yes,-,07m 11s,No,0
Imposter,Win,-,-,-,4,12m 37s,No,
Crewmate,Win,9,Yes,No,-,13m 15s,No,0
Imposter,Win,-,-,-,6,03m 54s,No,
Imposter,Win,-,-,-,6,03m 47s,No,
Crewmate,Loss,9,Yes,Yes,-,03m 57s,No,0
Crewmate,Win,8,Yes,No,-,06m 16s,No,0
Crewmate,Win,8,Yes,Yes,-,22m 58s,No,0
Crewmate,Win,8,Yes,No,-,07m 35s,No,0
Crewmate,Win,8,Yes,Yes,-,05m 12s,No,0
Imposter,Loss,-,-,-,2,11m 57s,No,
Imposter,Loss,-,-,-,1,06m 23s,No,
Crewmate,Loss,5,No,No,-,07m 29s,No,1
Crewmate,Loss,9,Yes,No,-,09m 33s,No,0
Crewmate,Win,4,No,Yes,-,08m 41s,No,1
Crewmate,Win,1,No,Yes,-,03m 29s,No,1
Crewmate,Loss,8,Yes,Yes,-,12m 05s,No,0
Crewmate,Win,8,Yes,No,-,06m 58s,No,0
Crewmate,Win,4,No,No,-,03m 47s,No,0
Crewmate,Win,7,No,No,-,05m 03s,No,0
Crewmate,Win,5,No,Yes,-,07m 46s,No,0
Crewmate,Loss,1,No,Yes,-,08m 03s,No,0
Crewmate,Win,8,Yes,No,-,13m 59s,No,0
Crewmate,Loss,5,No,No,-,05m 01s,No,1
Crewmate,Loss,6,No,No,-,07m 48s,No,1
Crewmate,Win,3,No,No,-,03m 31s,No,0
Imposter,Win,-,-,-,2,05m 27s,No,
Crewmate,Loss,7,Yes,Yes,-,11m 49s,No,1
Crewmate,Win,8,Yes,No,-,24m 40s,No,0
Crewmate,Win,8,Yes,Yes,-,10m 34s,No,0
Crewmate,Win,4,No,Yes,-,07m 41s,No,0
Crewmate,Win,8,Yes,Yes,-,17m 58s,No,0
Crewmate,Win,5,No,Yes,-,17m 56s,No,0
Crewmate,Loss,4,No,Yes,-,16m 00s,No,0
Crewmate,Win,2,No,No,-,04m 15s,No,0
Crewmate,Win,8,Yes,No,-,20m 10s,No,2
Crewmate,Win,7,Yes,Yes,-,18m 01s,No,0
Crewmate,Win,7,Yes,No,-,19m 07s,No,1
Imposter,Loss,-,-,-,2,14m 50s,No,
Crewmate,Win,2,No,Yes,-,20m 11s,No,0
Crewmate,Win,7,Yes,Yes,-,22m 31s,No,1
Crewmate,Loss,2,No,Yes,-,10m 14s,No,1
Crewmate,Win,5,No,Yes,-,10m 46s,No,0
Crewmate,Win,7,Yes,No,-,15m 57s,No,0
Crewmate,Loss,7,Yes,No,-,10m 56s,No,0
Imposter,Loss,-,-,-,3,12m 30s,No,
Imposter,Loss,-,-,-,2,11m 36s,No,
Crewmate,Win,7,Yes,Yes,-,18m 27s,No,0
Crewmate,Win,7,Yes,Yes,-,12m 28s,No,0
Crewmate,Loss,3,No,Yes,-,06m 17s,No,0
Crewmate,Loss,3,No,No,-,10m 37s,No,0
Imposter,Loss,-,-,-,1,11m 09s,No,
Imposter,Win,-,-,-,1,15m 47s,No,
Crewmate,Loss,5,No,Yes,-,07m 34s,No,0
Crewmate,Loss,0,No,Yes,-,03m 29s,No,0
Crewmate,Win,3,No,No,-,06m 22s,No,0
Crewmate,Win,8,Yes,Yes,-,14m 33s,No,0
Imposter,Win,-,-,-,2,14m 57s,No,
Crewmate,Loss,2,No,Yes,-,09m 24s,No,0
Crewmate,Loss,2,No,Yes,-,09m 08s,No,0
Imposter,Loss,-,-,-,4,14m 53s,No,
Imposter,Win,-,-,-,4,10m 43s,No,
Crewmate,Win,0,No,No,-,02m 00s,No,0
Crewmate,Win,1,No,No,-,00m 43s,No,0
Crewmate,Loss,2,No,Yes,-,05m 15s,No,0
Imposter,Win,-,-,-,2,07m 16s,No,
Crewmate,Win,8,Yes,No,-,29m 00s,No,0
Imposter,Win,-,-,-,2,08m 33s,No,
Crewmate,Loss,3,No,No,-,11m 47s,No,1
Crewmate,Loss,6,No,Yes,-,11m 46s,No,0
Crewmate,Loss,8,Yes,Yes,-,16m 27s,No,0
Imposter,Win,-,-,-,2,11m 05s,No,
Crewmate,Loss,8,Yes,No,-,17m 43s,No,0
Crewmate,Win,2,No,Yes,-,06m 51s,No,0
Imposter,Loss,-,-,-,3,09m 05s,No,
Crewmate,Win,7,Yes,No,-,18m 17s,No,0
Crewmate,Loss,7,Yes,Yes,-,19m 35s,No,1
Crewmate,Win,0,No,No,-,10m 20s,No,2
Crewmate,Win,7,Yes,No,-,14m 32s,No,0
Crewmate,Win,8,Yes,Yes,-,22m 54s,No,0
Crewmate,Loss,8,Yes,Yes,-,23m 08s,No,1
Crewmate,Loss,8,Yes,No,-,15m 36s,No,2
Imposter,Win,-,-,-,2,11m 03s,No,
Crewmate,Loss,3,No,Yes,-,08m 28s,No,0
Crewmate,Loss,3,No,Yes,-,02m 25s,No,0
Crewmate,Loss,2,No,Yes,-,01m 58s,No,0
Crewmate,Win,1,No,Yes,-,06m 03s,No,0
Crewmate,Loss,2,No,Yes,-,03m 57s,No,0
Crewmate,Win,7,Yes,Yes,-,09m 51s,No,0
Crewmate,Win,5,No,No,-,15m 09s,No,0
Imposter,Loss,-,-,-,3,15m 41s,No,
Crewmate,Loss,5,No,Yes,-,09m 31s,No,0
Crewmate,Win,7,Yes,Yes,-,10m 18s,No,0
Crewmate,Win,3,No,No,-,04m 14s,No,1
Imposter,Loss,-,-,-,3,17m 29s,No,
Crewmate,Win,8,Yes,Yes,-,13m 31s,No,0
Crewmate,Loss,8,Yes,No,-,18m 02s,No,0
Crewmate,Loss,6,No,Yes,-,10m 31s,No,0
Crewmate,Win,2,No,No,-,09m 28s,No,0
Imposter,Loss,-,-,-,2,05m 53s,No,
Crewmate,Loss,8,Yes,No,-,18m 07s,No,0
Crewmate,Loss,6,No,No,-,08m 11s,No,1
Crewmate,Win,8,Yes,Yes,-,19m 12s,No,0
Crewmate,Loss,3,No,Yes,-,08m 15s,No,0
Crewmate,Loss,8,Yes,Yes,-,11m 32s,No,0
Crewmate,Win,4,No,Yes,-,15m 03s,No,0
Crewmate,Loss,8,Yes,Yes,-,19m 15s,No,1
Crewmate,Win,8,Yes,Yes,-,20m 58s,No,1
Imposter,Loss,-,-,-,3,16m 16s,Yes,
Imposter,Win,-,-,-,3,12m 24s,No,
Imposter,Loss,-,-,-,5,16m 34s,Yes,
Crewmate,Loss,7,No,No,-,14m 34s,No,1
Crewmate,Win,8,Yes,Yes,-,15m 53s,No,0
Crewmate,Win,6,No,No,-,11m 07s,No,1
Crewmate,Loss,7,No,Yes,-,07m 45s,No,0
Crewmate,Loss,1,No,No,-,06m 33s,No,0
Crewmate,Loss,7,Yes,No,-,12m 44s,No,2
Crewmate,Loss,7,Yes,Yes,-,11m 12s,No,0
Crewmate,Loss,3,No,Yes,-,07m 43s,No,0
Crewmate,Win,6,Yes,No,-,09m 03s,No,1
Crewmate,Loss,6,No,No,-,14m 04s,No,0
Crewmate,Loss,4,No,Yes,-,15m 02s,No,1
Crewmate,Win,8,Yes,Yes,-,20m 17s,No,1
Imposter,Win,-,-,-,2,12m 21s,Yes,
Crewmate,Loss,1,No,No,-,04m 53s,Yes,0
Crewmate,Win,5,No,Yes,-,14m 29s,No,2
Crewmate,Win,3,No,No,-,16m 16s,No,1
Crewmate,Loss,4,No,Yes,-,08m 59s,No,1
Imposter,Win,-,-,-,2,03m 09s,No,
Imposter,Win,-,-,-,3,08m 40s,No,
Crewmate,Win,6,No,No,-,07m 06s,No,0
Crewmate,Win,8,Yes,No,-,13m 13s,No,2
Imposter,Win,-,-,-,0,01m 13s,No,
Crewmate,Loss,0,No,No,-,08m 46s,No,1
Crewmate,Win,2,No,No,-,11m 33s,No,0
Imposter,Loss,-,-,-,1,06m 54s,Yes,
Crewmate,Win,5,No,No,-,13m 56s,No,1
Crewmate,Win,3,No,No,-,07m 42s,No,0
Crewmate,Loss,2,No,No,-,09m 23s,Yes,0
Crewmate,Loss,4,No,Yes,-,10m 50s,No,0
Imposter,Loss,-,-,-,2,05m 11s,Yes,
Crewmate,Win,4,No,No,-,07m 21s,Yes,1
Crewmate,Win,6,No,No,-,14m 40s,No,0
Imposter,Loss,-,-,-,2,14m 28s,Yes,
Crewmate,Win,6,Yes,No,-,08m 56s,No,0
Imposter,Win,-,-,-,0,04m 48s,No,
Crewmate,Win,1,No,Yes,-,12m 44s,No,0
Crewmate,Win,3,No,No,-,15m 42s,No,1
Crewmate,Loss,4,No,Yes,-,09m 23s,No,1
Crewmate,Win,7,Yes,Yes,-,11m 38s,No,0
Crewmate,Win,7,Yes,No,-,14m 21s,No,1
Imposter,Win,-,-,-,3,13m 10s,No,
Imposter,Loss,-,-,-,2,14m 12s,No,
Imposter,Win,-,-,-,2,10m 06s,No,
Crewmate,Win,2,No,No,-,00m 41s,No,0
Crewmate,Win,5,Yes,Yes,-,11m 08s,No,1
Crewmate,Win,5,Yes,Yes,-,10m 30s,No,2
Crewmate,Win,5,Yes,No,-,07m 53s,No,1
Crewmate,Loss,5,Yes,Yes,-,04m 04s,No,0
Crewmate,Win,5,Yes,Yes,-,06m 39s,No,0
Crewmate,Win,5,Yes,No,-,04m 12s,No,0
Imposter,Win,-,-,-,1,04m 25s,No,
Crewmate,Win,3,No,Yes,-,06m 41s,No,4
Crewmate,Win,3,No,Yes,-,09m 54s,No,0
Imposter,Win,-,-,-,2,05m 07s,No,
Crewmate,Win,2,No,No,-,06m 47s,No,3
Crewmate,Win,2,No,No,-,04m 16s,No,1
Crewmate,Loss,2,No,No,-,03m 16s,No,1
Crewmate,Loss,5,Yes,Yes,-,06m 35s,No,0
Crewmate,Loss,5,Yes,Yes,-,09m 22s,No,1
Crewmate,Win,5,Yes,No,-,05m 39s,No,1
Imposter,Loss,-,-,-,4,06m 23s,No,
Crewmate,Win,4,No,Yes,-,01m 58s,No,0
Crewmate,Loss,5,No,No,-,05m 09s,No,1
Crewmate,Loss,6,Yes,Yes,-,08m 30s,No,2
Imposter,Loss,-,-,-,1,06m 54s,Yes,
Crewmate,Win,6,Yes,Yes,-,05m 45s,No,0
Crewmate,Loss,6,Yes,Yes,-,06m 26s,No,3
Crewmate,Win,4,No,Yes,-,06m 22s,No,2
Crewmate,Win,2,No,No,-,04m 31s,No,0
Imposter,Win,-,-,-,2,04m 27s,No,
Imposter,Loss,-,-,-,1,02m 11s,Yes,
Crewmate,Loss,3,No,Yes,-,00m 54s,No,0
Crewmate,Loss,1,No,No,-,04m 52s,Yes,1
Crewmate,Loss,1,No,No,-,02m 56s,No,4
Crewmate,Loss,3,No,No,-,10m 45s,Yes,1
Crewmate,Loss,1,No,Yes,-,03m 35s,No,1
Crewmate,Loss,2,No,Yes,-,00m 51s,No,0
Crewmate,Loss,1,No,Yes,-,02m 19s,No,0
Crewmate,Loss,3,No,Yes,-,04m 43s,No,1
Imposter,Win,-,-,-,1,05m 37s,No,
Crewmate,Loss,5,Yes,Yes,-,06m 21s,No,2
Crewmate,Win,5,Yes,Yes,-,09m 22s,No,0
Crewmate,Loss,2,No,No,-,03m 06s,Yes,1
Imposter,Win,-,-,-,0,01m 35s,No,
Crewmate,Win,2,No,No,-,03m 58s,No,2
Crewmate,Loss,5,Yes,No,-,10m 14s,Yes,1
Crewmate,Win,4,No,No,-,03m 46s,No,0
Imposter,Win,-,-,-,2,02m 57s,No,
Imposter,Loss,-,-,-,2,05m 38s,Yes,
Crewmate,Win,5,Yes,No,-,07m 11s,No,0
Imposter,Win,-,-,-,2,02m 53s,No,
Crewmate,Win,5,Yes,No,-,06m 44s,Yes,3
Crewmate,Loss,5,Yes,Yes,-,07m 31s,No,0
Crewmate,Win,3,No,Yes,-,08m 04s,No,0
Imposter,Win,-,-,-,3,05m 00s,No,
Crewmate,Win,3,No,No,-,03m 33s,No,1
Crewmate,Win,5,Yes,Yes,-,06m 29s,No,0
Crewmate,Win,1,No,Yes,-,00m 57s,No,0
Crewmate,Loss,2,No,Yes,-,01m 44s,No,0
Crewmate,Loss,1,No,No,-,00m 22s,No,0
Imposter,Win,-,-,-,1,02m 12s,No,
Crewmate,Loss,5,Yes,Yes,-,07m 31s,No,2
Crewmate,Loss,2,No,Yes,-,02m 28s,No,1
Crewmate,Win,5,Yes,No,-,04m 48s,No,1
Crewmate,Loss,5,Yes,Yes,-,03m 17s,No,0
Crewmate,Win,5,Yes,No,-,06m 10s,No,0
Crewmate,Win,5,No,Yes,-,06m 32s,No,1
Crewmate,Loss,2,No,Yes,-,03m 46s,No,1
Crewmate,Win,3,No,Yes,-,04m 26s,No,0
Crewmate,Loss,2,No,No,-,04m 00s,No,0
Crewmate,Win,2,No,No,-,03m 55s,No,0
Crewmate,Loss,5,Yes,Yes,-,03m 12s,No,0
Imposter,Win,-,-,-,1,01m 59s,No,
Crewmate,Loss,3,No,Yes,-,01m 54s,No,0
Imposter,Win,-,-,-,1,02m 16s,No,
Crewmate,Win,1,No,No,-,04m 08s,No,1
Imposter,Loss,-,-,-,2,08m 23s,Yes,
Crewmate,Loss,2,No,No,-,02m 36s,No,2
Crewmate,Loss,3,No,Yes,-,04m 17s,No,1
Imposter,Loss,-,-,-,1,01m 47s,Yes,
Crewmate,Win,5,Yes,Yes,-,07m 19s,No,0
Crewmate,Win,4,No,No,-,06m 51s,No,3
Crewmate,Loss,1,No,No,-,01m 38s,No,0
Crewmate,Win,4,No,No,-,05m 55s,No,3
Crewmate,Win,4,No,No,-,11m 25s,No,5
Imposter,Win,-,-,-,2,03m 22s,No,
Crewmate,Win,4,No,Yes,-,07m 33s,No,0
Crewmate,Loss,4,No,No,-,02m 48s,No,0
Crewmate,Loss,3,No,No,-,03m 06s,No,0
Crewmate,Win,1,No,No,-,05m 29s,No,1
Crewmate,Loss,2,No,No,-,01m 16s,No,0
Crewmate,Loss,5,No,Yes,-,03m 54s,No,0
Crewmate,Win,7,Yes,No,-,08m 31s,No,2
Crewmate,Win,6,Yes,No,-,07m 42s,No,0
Imposter,Win,-,-,-,2,03m 16s,No,
Crewmate,Win,5,Yes,No,-,10m 17s,No,4
Crewmate,Win,4,No,No,-,08m 20s,No,1
Crewmate,Loss,4,No,Yes,-,08m 02s,No,1
Imposter,Win,-,-,-,2,02m 07s,No,
Crewmate,Loss,5,Yes,No,-,11m 06s,Yes,2
Crewmate,Win,3,No,No,-,04m 11s,No,2
Crewmate,Win,5,Yes,Yes,-,10m 33s,No,1
Crewmate,Win,5,Yes,Yes,-,05m 36s,No,0
Crewmate,Loss,2,No,Yes,-,03m 39s,No,0
Imposter,Win,-,-,-,1,08m 27s,No,
Crewmate,Loss,3,No,No,-,09m 35s,No,0
Crewmate,Win,6,No,No,-,08m 35s,No,0
Crewmate,Loss,10,Yes,Yes,-,19m 51s,No,0
Crewmate,Win,10,Yes,Yes,-,20m 34s,No,1
Crewmate,Win,5,No,Yes,-,08m 29s,No,1
Imposter,Win,-,-,-,1,03m 39s,No,
Crewmate,Loss,7,No,No,-,08m 14s,No,0
Crewmate,Loss,7,No,No,-,08m 14s,No,0
Crewmate,Win,3,No,No,-,14m 41s,No,1
Crewmate,Win,3,No,No,-,14m 41s,No,1
Crewmate,Win,8,Yes,Yes,-,13m 44s,No,1
Crewmate,Win,8,Yes,Yes,-,13m 43s,No,1
Crewmate,Loss,7,No,Yes,-,10m 15s,No,1
Crewmate,Loss,7,No,Yes,-,10m 15s,No,1
Crewmate,Win,8,Yes,Yes,-,16m 53s,No,0
Crewmate,Win,8,Yes,Yes,-,16m 53s,No,0
Crewmate,Loss,6,No,No,-,07m 39s,No,0
Crewmate,Loss,6,No,No,-,07m 38s,No,0
Imposter,Win,-,-,-,2,13m 22s,No,
Imposter,Win,-,-,-,2,13m 22s,No,
Imposter,Loss,-,-,-,1,06m 15s,Yes,
Imposter,Loss,-,-,-,1,06m 16s,Yes,
Crewmate,Loss,6,No,Yes,-,11m 52s,No,0
Crewmate,Loss,6,No,Yes,-,11m 52s,No,0
Crewmate,Win,5,No,Yes,-,05m 09s,No,0
Crewmate,Win,5,No,Yes,-,05m 10s,No,0
Imposter,Win,-,-,-,1,12m 08s,No,
Imposter,Win,-,-,-,1,12m 08s,No,
Crewmate,Win,8,Yes,No,-,13m 10s,No,0
Crewmate,Win,8,Yes,No,-,13m 10s,No,0
Crewmate,Loss,8,Yes,Yes,-,14m 44s,No,0
Crewmate,Loss,8,Yes,Yes,-,14m 44s,No,0
Crewmate,Loss,6,No,No,-,08m 15s,Yes,1
Crewmate,Loss,6,No,No,-,08m 15s,Yes,1
Crewmate,Loss,5,No,Yes,-,06m 24s,No,1
Crewmate,Loss,5,No,Yes,-,06m 24s,No,1
Crewmate,Loss,1,No,Yes,-,02m 35s,No,0
Crewmate,Loss,1,No,Yes,-,02m 35s,No,0
Crewmate,Loss,4,No,No,-,06m 15s,No,0
Crewmate,Loss,4,No,No,-,06m 15s,No,0
Crewmate,Win,3,No,Yes,-,08m 03s,No,0
Crewmate,Win,3,No,Yes,-,08m 03s,No,0
Crewmate,Win,1,No,Yes,-,10m 01s,No,0
Crewmate,Win,1,No,Yes,-,10m 01s,No,0
Imposter,Loss,-,-,-,2,10m 32s,Yes,
Imposter,Loss,-,-,-,2,10m 32s,Yes,
Crewmate,Win,1,No,No,-,02m 53s,No,0
Crewmate,Win,1,No,No,-,02m 53s,No,0
Crewmate,Loss,6,No,No,-,08m 20s,No,1
Crewmate,Loss,6,No,No,-,08m 20s,No,1
Crewmate,Win,3,No,No,-,05m 43s,No,0
Crewmate,Win,3,No,No,-,05m 43s,No,0
Crewmate,Loss,5,No,No,-,07m 22s,No,0
Imposter,Win,-,-,-,2,05m 15s,No,
Crewmate,Loss,6,Yes,Yes,-,13m 02s,No,1
Crewmate,Win,6,Yes,No,-,16m 28s,No,0
Crewmate,Win,6,Yes,Yes,-,17m 27s,No,0
Crewmate,Win,6,Yes,Yes,-,13m 35s,No,0
Crewmate,Loss,5,No,Yes,-,11m 48s,No,0
Crewmate,Loss,4,No,No,-,10m 13s,No,0
Crewmate,Win,5,No,No,-,05m 30s,No,1
Crewmate,Win,6,Yes,Yes,-,11m 57s,No,1
Crewmate,Loss,7,Yes,Yes,-,06m 26s,No,0
Crewmate,Loss,7,Yes,Yes,-,09m 30s,No,0
Crewmate,Win,7,Yes,Yes,-,07m 56s,No,0
Crewmate,Win,1,No,No,-,05m 06s,No,0
Crewmate,Win,7,Yes,Yes,-,09m 06s,No,0
Imposter,Win,-,-,-,0,14m 04s,No,
Imposter,Loss,-,-,-,3,05m 56s,No,
Imposter,Loss,-,-,-,2,17m 30s,No,
Crewmate,Win,7,Yes,No,-,06m 48s,No,2
Crewmate,Win,6,No,No,-,07m 03s,No,0
Crewmate,Loss,5,No,No,-,04m 44s,No,0
Crewmate,Win,2,No,No,-,04m 19s,No,0
Crewmate,Win,7,Yes,No,-,10m 00s,No,3
Crewmate,Win,7,Yes,No,-,21m 14s,No,0
Crewmate,Loss,6,No,No,-,15m 54s,No,0
Crewmate,Loss,8,Yes,No,-,15m 48s,No,2
Crewmate,Win,8,Yes,Yes,-,16m 21s,No,0
Crewmate,Win,5,No,No,-,06m 28s,No,1
Crewmate,Win,8,Yes,No,-,18m 02s,No,1
Imposter,Win,-,-,-,2,10m 14s,No,
Crewmate,Win,5,No,No,-,10m 46s,No,2
Imposter,Loss,-,-,-,1,15m 56s,No,
Crewmate,Loss,7,Yes,Yes,-,10m 40s,No,2
Crewmate,Loss,7,Yes,Yes,-,13m 28s,No,0
Crewmate,Win,7,Yes,No,-,12m 26s,No,0
Crewmate,Win,5,No,Yes,-,14m 43s,No,0
Crewmate,Win,4,No,No,-,15m 19s,No,1
Crewmate,Win,2,No,Yes,-,05m 46s,No,1
Crewmate,Loss,6,Yes,Yes,-,10m 06s,No,0
Crewmate,Win,4,No,Yes,-,08m 14s,No,0
Crewmate,Loss,5,No,No,-,11m 00s,Yes,2
Imposter,Loss,-,-,-,2,14m 10s,No,
Crewmate,Win,7,Yes,No,-,14m 11s,No,1
Crewmate,Win,7,Yes,No,-,19m 45s,No,1
Crewmate,Win,7,Yes,No,-,10m 18s,No,0
Crewmate,Win,7,Yes,No,-,19m 37s,No,1
